0,1,2,3,4,5,6,7,8,9
3020,2383,3077,2418,3035,2466,3078,2534,3175,2466
1574,1563,1432,1451,2336,1410,1431,1393,1449,1777
1811,1418,1574,1402,1428,1427,1441,1397,1416,1447
1499,1441,1458,1454,1416,1428,1458,1426,1416,4417
1396,1441,1408,1424,1433,1507,1391,1514,1426,1429
1616,1485,1466,1422,1402,2440,1394,1458,1403,1394
1624,1473,1409,1418,1422,1403,1466,1451,1419,1439
1591,1433,1440,1526,1391,1446,1379,1435,1424,1465
1624,1581,1716,1405,1484,1399,1400,1472,1426,1424
1624,1483,1402,1425,1418,1425,1392,1739,1382,1442
1449,1391,1393,1382,1387,1385,1431,1419,1424,1407
1627,1416,1469,1408,1433,1410,1361,1413,1415,1708
1526,1433,1701,1417,1699,1582,1405,1424,1412,1408
1541,1715,1489,1591,1391,1444,1633,1966,1663,1432
1412,1403,1458,1440,1399,1392,1426,1408,1424,1406
1441,1505,1403,1459,2279,1458,1431,1749,1408,1443
1466,1424,1418,1448,1384,1436,1416,1411,1419,1418
1487,1791,1535,1545,1469,1422,1467,1393,1421,1417
1466,1433,1401,1487,1416,1403,1508,1436,1400,1527
1462,1407,1406,1416,1399,1428,1448,1582,1377,1419
1529,1433,1409,1433,1384,1408,1441,1457,1426,1449
1457,1573,1417,1524,1500,1524,1708,1334,1437,1408
1474,1426,1473,1425,1481,1358,1457,1441,1557,1437
1429,1429,1425,2310,1374,1391,1418,1378,1408,1412
1466,1437,1369,1406,1374,1391,1460,1454,1483,1391
1516,1382,2341,1373,1400,1416,1429,1386,1424,1391
1558,1403,1426,1403,1399,1424,1424,1514,1441,1402
1449,1393,1461,1430,1424,1366,1478,1365,1416,1363
1416,1478,1403,1402,1394,1366,1463,1419,1433,1375
1505,1393,1453,1396,1457,1383,1424,1511,1424,1385
1369,1388,1407,1433,1398,1383,1416,1861,1424,1479
1466,1453,1401,1441,1407,1366,1424,1415,1450,1392
1416,1418,2417,1391,1475,1392,1400,1399,1357,1362
1449,1444,1399,1499,1399,1373,1424,1443,1393,1454
1441,1457,1381,1418,1425,1452,1400,1381,1406,1424
1433,1594,1401,1403,1416,1398,1371,1444,1391,1408
1537,2405,1406,1443,1444,1707,1377,1393,1416,1418
1376,1441,1375,1433,1397,1441,1383,1477,1383,1410
1506,1507,1407,1433,1399,1511,1391,1433,1375,1494
1492,1458,1441,1474,1416,1392,1374,1416,1390,1409
1411,1408,1312,1400,1399,1460,1758,1433,1375,1440
1441,1466,1428,1458,1425,1426,1411,1415,1435,1391
2449,1432,1384,1441,1415,2352,1429,1425,1385,1401
1453,1425,1400,1424,1408,1454,1366,1425,1444,1473
1395,1466,1374,1483,2278,1417,1395,1382,1702,1399
1408,1391,1414,1441,1529,2343,1409,1383,1444,1401
1441,1424,1371,1382,1407,1376,1444,1392,1428,1528
1424,1451,1420,1424,1416,1403,1467,1490,2277,1461
1391,1440,8606,1510,1417,1586,1427,1399,1465,1459
1482,1449,1353,1604,1458,1455,1377,1485,1372,1469
1450,1493,1461,1476,1390,1460,1451,1423,1441,1478
2441,1500,1416,1441,1374,1462,1443,1482,1416,1434
1457,1534,1408,1433,1343,1425,1432,1474,1491,1457
1383,1445,1396,1458,1428,2441,1407,1450,1416,1441
1433,1493,1452,1441,1396,1460,1394,1493,1402,1458
1383,1422,2408,1433,1411,1385,1348,1372,1422,1366
1424,1425,1408,1407,1461,1462,1382,1441,1374,1424
1399,2474,1515,1424,1418,1436,1449,1432,1419,1400
8593,1458,1491,1352,1405,1437,1399,1416,1435,1415
1445,1443,1427,1397,1467,1367,1417,1425,1553,1369
1432,1405,1455,1425,1757,1449,1434,1393,1449,1389
1514,1411,1435,1424,1391,1436,1398,1357,1441,1440
1402,1435,1447,1416,1408,1421,1432,1369,1408,1425
1553,1453,1393,1435,1354,1407,1433,1404,1482,1377
1379,1361,1448,1360,1463,1483,1457,1449,2432,1439
1574,1391,1466,1728,1414,1458,2383,1425,1328,1368
1474,1478,1382,1417,1408,1416,1449,1357,1404,1388
1433,1384,1383,1410,1449,1719,1449,1401,1442,1391
1433,1391,1400,1388,1391,1496,1410,1443,1774,1408
1449,1444,1451,1457,1383,1408,1506,1426,1441,1416
1441,1453,1406,1424,1501,1465,1408,1461,1433,1436
1547,1401,1424,1417,1424,1467,1432,1432,1416,2462
1369,1416,1508,1533,1395,1419,2399,1550,1393,1425
1511,1459,1384,1407,1469,1429,1425,1441,1405,2432
1474,1423,1423,1399,1378,2558,1424,1441,1416,1416
1413,1426,1407,1410,1373,1419,1458,1469,1377,1417
1482,1418,1392,1403,1422,1404,1449,1422,1397,1403
1470,1421,1407,1427,1375,1426,1410,1427,1433,1445
1466,1407,1361,1392,1328,1415,1414,1421,1402,1411
1491,1411,1471,1399,1339,1382,1416,1377,1464,1404
1550,1397,1403,1444,1389,1383,1418,1389,1403,1416
1491,1374,1413,4428,1370,1449,1389,1474,1528,1375
1420,1449,1411,1433,1389,1386,1374,1403,1425,1427
1495,1462,1437,1424,1431,1413,1408,1486,1424,1455
1449,1529,1403,1475,1383,1377,1399,1419,1391,1452
1454,1407,1506,1449,1403,1438,1416,1469,1428,1435
1432,1468,1473,1394,1401,1375,1416,1445,1429,1769
1454,1448,1457,1396,1453,1418,1375,1424,1408,1491
1387,1450,1427,1395,1393,1373,1416,1383,1425,1377
1466,1433,1490,1464,1397,1416,1420,1461,1391,1369
1528,1415,1440,1456,1426,1399,1421,1454,1432,1469
1421,1433,1451,1386,1515,1392,1444,1433,1449,4415
1491,1443,1452,1413,1467,1398,1437,1426,1484,1444
1466,1423,1427,1450,1402,1384,1450,1411,1427,1426
1400,1452,1535,1469,1436,1378,1475,1502,1421,1486
1536,1429,1428,1446,1496,1536,1432,1408,1416,1392
1387,1443,1503,1441,1409,1369,1519,1403,1416,1381
1507,1446,1401,1457,1437,1475,1438,1371,1424,1425
1454,1366,1458,1444,1443,1397,1427,1416,1416,1382
1496,1401,1406,1376,1422,1462,1421,1449,1408,1412
1432,1432,1494,1404,2285,1436,1433,1504,1419,1412
1433,1475,1411,1390,1445,1424,1366,1470,1388,1416
1553,1442,1468,1500,1425,1425,1369,1441,1366,1451
1396,1416,1385,1425,1409,1419,1488,1475,1383,1415
1536,1473,1415,1448,1406,1413,1444,1385,1385,1741
1413,1515,1402,1394,1425,1483,1413,1438,1438,1399
1474,1392,1435,1438,1399,1425,1369,1433,1400,1408
1495,1440,1478,1425,1416,2284,1422,1449,1459,1416
1441,1392,1436,1410,1426,1430,1391,1418,1406,1433
1459,1435,1444,1402,1397,1409,1391,1392,1425,1457
1447,1416,1362,1428,1352,1401,1402,1372,1385,1450
1433,1498,1402,1399,1406,1388,1397,1411,1438,1382
1466,1432,1403,1425,1387,1374,1393,1412,1402,1383
1491,1458,1703,1432,1517,1400,1380,1467,1403,1369
1416,1416,2339,1450,1379,1385,1385,1391,1436,1461
1460,1391,2350,1432,1345,1388,1373,1382,1461,1360
1581,1383,1411,1400,1445,1403,1354,1383,1462,4431
1490,1409,1378,1419,1353,1371,1412,1436,1418,1387
1380,1465,1377,1497,1461,1450,1344,1430,1492,1527
1578,1427,1570,1382,1426,1466,1469,1393,1414,1393
1449,1712,1434,1432,1361,1407,1411,1422,1419,1466
1474,1453,1377,1375,1453,1383,1482,1426,1429,1511
1429,1396,1420,1416,1416,1441,1490,1403,1362,1446
1483,2302,1378,1516,1416,1429,1432,1484,1430,1407
1486,1471,1478,1424,1407,1445,1402,1468,1418,1419
1483,1441,1383,1394,1409,1449,1470,1424,2324,1422
1504,1500,1394,1498,1440,1467,1401,1432,1401,1378
1561,1410,1369,1434,1391,1353,1417,1410,1528,1470
1825,1424,1745,1402,1433,1404,1411,1432,1412,4394
1474,1431,1424,1428,1412,1328,1405,1694,1495,1426
1468,1426,1353,1408,1390,1463,1369,1471,1358,1412
1455,1377,1486,1417,1410,1352,1530,1460,1432,1377
1371,1502,1384,1414,1719,1429,1426,1380,1418,1404
1424,1459,1378,2566,1376,1424,4420,1449,1669,1457
1520,1401,1527,1368,1356,1416,1416,1395,1495,1402
1450,1706,1425,1414,1391,1424,1391,1396,1411,1398
1420,1470,1376,1401,1408,1475,1369,1393,1387,1441
1408,1514,1410,1369,1433,1441,1430,1388,1360,1449
1458,1456,1352,1428,1391,1400,1358,1493,1405,1400
1438,1432,1485,1474,1391,1436,1385,1437,1369,1448
1414,1433,1384,1466,1408,1454,1447,1446,1398,1437
1404,1353,1409,1424,1449,1474,1349,1438,1410,1425
1399,1420,1402,1385,1374,1358,1358,1416,1819,1453
2636,1467,1435,1452,1374,1482,1377,1475,1359,1502
1379,1468,1483,1446,1413,1462,1446,1362,1383,4420
1433,1394,1394,1377,1453,1462,1417,1446,1375,1408
1495,1452,2413,1393,1369,1434,1350,1410,1378,1399
1449,1433,1407,1560,1394,1520,1421,1497,1428,1427
1396,1449,1387,1425,1468,1502,1769,1415,1425,1411
1521,1403,1393,1402,1335,1395,1336,1403,1368,1461
1411,1430,2306,1430,1381,1437,1522,1786,1353,1446
1436,1391,1436,1433,1441,1408,1389,1409,1411,1428
1450,1408,1418,2399,1424,1392,1469,1467,1395,1357
1525,1361,1398,1524,1394,1386,1462,1382,1469,1416
1460,1471,1386,1449,1464,1413,1401,1408,1442,1400
1438,1449,1412,1400,1450,1383,1385,1400,1402,1403
1454,1427,1392,1425,1378,1440,1348,1415,1397,1462
1441,1410,1386,1421,1446,1419,1378,1385,1407,1385
1486,1495,1393,1432,1369,1360,1520,1356,1416,1492
1396,1443,1420,1468,2315,1436,1393,1778,1475,1380
1461,1410,1408,8325,1546,1416,1402,1486,1428,2432
1396,1469,1391,1470,1367,1501,1486,1459,1413,1425
1424,2444,1398,1493,1369,1412,1394,1426,1728,1424
1528,1702,1378,1418,1503,1452,1364,1398,1429,1440
1362,1578,1479,1495,1424,1428,1399,1435,1449,1411
1417,1423,1336,1419,1383,1512,1385,1409,1374,1376
1408,1426,1438,1458,1400,1403,1369,1521,1377,1522
1577,1423,1434,1415,1407,1409,1460,1410,1380,1381
1346,1403,1377,1424,1379,1479,1391,1413,1433,1358
1424,1437,1376,1420,1745,1484,1417,1386,1379,1432
1416,1433,1427,1401,1358,1451,1382,1363,1444,1366
1392,1391,1493,1436,1424,1437,1400,1394,2416,1358
1407,1391,1418,1441,1434,1502,1420,1478,1452,1467
1555,1383,1385,1374,1431,1385,1420,1417,1386,1428
1369,1391,1435,1458,1391,1411,1408,1441,1435,1494
1462,1410,1433,1443,1458,1449,1437,1441,1385,1344
1441,1405,1424,1588,1358,1469,1437,1451,1378,1422
1495,1492,1409,1434,1385,1377,1399,1473,1435,1385
1408,2285,4430,1485,1409,1444,1366,1424,1369,1402
1453,1413,1417,1447,1381,1458,1367,1400,1394,1496
1388,1466,1361,1465,1398,2648,1348,1802,1419,1444
1407,1391,1445,1394,1434,2294,1366,1427,1357,1485
1470,1378,1433,1486,1409,1431,1358,1460,1377,1401
1404,1429,1370,1428,1419,1391,1425,1400,1597,1441
1450,1482,1412,1409,1493,1382,1374,1418,1358,1449
1473,1455,1374,1422,1417,1474,1400,1422,1366,1410
1462,1493,1409,1499,1402,1333,1353,1391,1349,1422
1460,1450,1450,1409,1410,1399,1712,1424,1408,1344
1430,1416,1328,1399,1477,1417,1374,1425,1399,1427
1445,1461,1486,1424,1366,1440,1352,1432,1391,1485
1375,1438,1407,1424,1394,1384,1388,1750,1392,1442
1512,1359,1400,1410,1365,1374,1369,1448,1345,1392
1434,1399,1394,1439,1398,1416,1372,1426,1436,1440
1424,1391,1381,1433,1471,1407,1458,1435,1376,1393
1444,1467,1470,1460,1477,1425,1407,1406,1429,1398
1503,1439,1535,1393,1351,2565,1400,1440,1428,1474
1443,1384,1408,1469,1425,1449,1383,1416,1373,1416
1419,1383,1386,1369,1431,1375,1399,1425,1419,1496
1505,1391,1373,1685,1351,1382,1392,1410,1414,1428
1410,1440,1381,1412,1372,1459,1382,1396,1382,1365
1391,1441,1426,1360,1458,1440,1458,1429,1383,1412
1555,1408,1486,1435,1403,1453,3318,1902,1353,1486
1456,1434,1428,1444,1421,1426,1401,1376,1486,1409
1421,1431,1391,1467,1433,1527,1453,1401,1410,1783
1416,1399,1391,1433,1441,1425,1407,1389,1398,1427
1453,1534,1399,1440,1407,1469,1467,1434,1459,1413
1354,1500,1375,1419,1400,1413,1420,1432,1411,1408
1432,1402,1416,1405,1524,1366,1428,1391,1413,1391
1471,1462,1468,1467,1400,1374,1366,1370,1411,1416
1466,1461,1406,1441,1416,1366,1399,1445,1420,1351
1412,1410,1407,2301,1432,1425,1375,1417,1366,1372
1424,1427,1425,1410,1425,1432,1399,1409,1358,1441
1433,1367,1337,1444,1391,1517,1400,1380,1366,1408
1408,1548,1470,1399,1436,1411,1383,1408,1402,1467
1399,1419,1399,1466,1406,1437,1435,1458,1394,1468
1358,1414,1434,1466,1398,1377,1355,1441,1538,1419
1486,1416,1400,1459,1424,1436,1391,1433,1405,1509
1371,1466,1385,1449,1409,1509,1452,1451,1408,1442
1424,1466,1377,1491,1410,1460,1382,1450,1407,1394
1424,1460,1542,1465,1420,1409,1439,1393,1417,1405
1479,1481,1500,1442,1402,1481,1435,1494,1391,1427
1490,1417,1408,1499,1487,1440,1431,1467,1395,1440
1517,1440,1499,1424,1445,1417,1408,1466,1429,1448
1482,1399,1449,1424,1456,1407,1399,1426,1362,1441
1558,1416,1450,1425,1412,1427,1517,1456,1412,1385
1577,1433,1401,1441,1520,1460,1407,1410,1432,2546
1488,1424,1456,1424,1417,1577,8479,1402,1499,1402
1449,1457,1359,1435,1395,1475,1410,1485,1410,1419
1446,1393,1353,1481,1494,1441,2308,1418,1406,1495
1478,1407,1829,4468,1418,1459,1470,1417,1378,1408
1410,1484,1391,1472,1366,1457,1401,1490,1512,1490
1410,1397,1423,1468,1361,1425,1432,1423,1416,1483
1522,1377,1432,1413,1404,1366,1452,1485,1416,1418
1377,1438,1392,1360,1361,1424,1364,1440,1408,1405
1824,1433,1367,2291,1438,1416,1401,1423,1432,1375
1442,1425,1406,1357,1361,1466,2397,1385,1377,1407
1574,1459,1391,1435,1405,1450,1393,1450,1397,1372
1502,1350,1400,1397,1352,1416,1394,1422,1419,1438
1396,1430,1424,1333,1471,1444,1485,1441,1389,1451
1491,1476,1429,1456,1401,1356,1500,1384,1386,1503
2394,1383,1434,1432,1407,1439,1367,2268,1520,1377
1446,1458,1519,1385,1494,1425,1449,1446,1394,1423
1358,1408,1392,1416,1526,1416,1443,1516,1360,1368
1449,1456,1537,1433,1409,1433,1414,1399,1536,1693
1470,1399,1395,1357,1399,1408,1433,1378,1403,1487
1437,1368,1440,1474,1418,1448,1443,1364,1401,1459
1424,1456,1459,1481,1386,1394,1595,1399,1469,1419
1479,1399,1414,1395,1428,1341,1394,1486,1420,1453
1429,1492,1346,1396,1418,1396,1407,1764,1409,1427
1508,1390,1446,1391,1499,1411,1378,1447,1487,1463
1399,1416,1487,2434,1406,1473,1445,1411,1385,1411
1453,1418,2460,1317,1408,1464,1442,1357,1494,1365
1396,1391,1420,1400,1433,1437,1500,1364,1426,1465
1458,1483,1456,1463,1436,1445,1386,1470,1428,1394
1787,1748,1386,1460,1486,1461,1429,1462,1486,1486
1443,1502,1413,1512,1411,1431,1370,1500,1427,1493
1479,1463,1377,1518,1385,1367,1454,1485,1457,1452
1404,1749,1837,2367,1462,1465,1407,1421,1426,1434
1408,1410,1377,1391,1399,1449,1417,1491,1369,1453
1449,1424,1446,1448,1368,1384,1406,1393,1420,1427
1503,1521,1441,1384,1397,1508,1392,1472,1766,1413
1421,1418,1417,1367,1401,1419,1408,1360,1418,1434
1578,1453,2369,1490,1411,1397,1394,1472,1385,1458
1387,1437,1412,1366,1446,1426,1479,1482,1478,1452
1450,1465,1417,1343,1450,1536,1417,1399,1328,1364
1408,1503,1419,1389,1451,1426,1418,1336,1453,1392
1516,1465,1612,2282,1396,1440,1377,1448,1384,1424
1374,1431,1432,1458,1466,1461,1469,1391,1385,1486
1424,1360,1416,1476,1418,1430,1399,1375,1463,1511
4407,1429,1368,1389,1734,1419,1366,1494,1375,1358
1366,1417,1424,1401,1439,1450,1524,1489,1394,1502
1407,1500,1407,1439,2261,1489,1393,1382,1422,1453
1445,1482,1426,1384,4511,1333,1417,1425,1418,1434
1437,1426,1434,1389,1415,1366,1389,1529,1388,1475
1478,1432,1429,1434,1511,1457,1460,1403,1402,1467
1354,1724,1420,1475,1479,1494,1410,1441,1814,1441
1458,1368,1437,1516,1416,1424,1420,1433,1399,1511
1408,1790,1393,1472,1387,1499,1391,1332,1345,1461
1391,1450,1406,1434,1462,1565,1353,1448,1564,1466
1416,1457,1369,1482,1386,1450,1454,1410,1456,1374
1453,1477,8451,1426,2300,1475,1394,1482,1377,1359
1412,1488,1550,1358,1443,2365,1418,1451,1389,1427
1424,1485,1624,1464,1510,1340,1444,1324,1374,1357
1495,1446,1587,1500,1369,1468,1419,1332,1320,1397
1467,1676,1541,1392,1381,1512,1406,1521,1477,1449
1507,1444,1641,1410,1369,1443,1361,1352,1426,1418
1418,1453,1591,1438,1421,1382,1446,1407,1411,1366
1464,1354,1574,1461,1362,1458,1352,1391,1393,1424
1535,1523,1550,1380,1535,1392,1372,1459,1468,1342
1456,1483,1557,1300,1343,1425,1377,1516,1368,1397
1474,1406,1558,1414,1408,1528,1405,1491,1369,1425
1508,2316,1524,1432,1395,1295,1366,1375,1479,1409
1524,1424,1567,1475,1485,1440,1415,1424,1391,1457
1449,1426,1624,1501,1361,1410,1358,1400,1387,1309
2474,1468,1566,1449,1407,1544,1382,1407,1404,1341
1460,1412,1549,1410,1489,1411,1453,1432,1366,1399
1377,1431,1566,1473,1426,1791,1371,1457,1401,1498
1445,1441,1541,1457,1401,1464,1392,1483,1364,1444
1395,1433,1574,1457,1499,1468,1374,1442,1482,1463
1529,1450,1574,1643,1426,1468,1516,1383,1395,1409
1420,1482,1566,1473,1445,2512,1400,1433,1421,1449
1416,2310,1633,1357,1401,1490,1465,1407,1383,1407
1408,1442,1574,1440,1472,1466,1384,1374,1407,1341
1478,1528,1608,1484,1410,1368,1418,1383,1425,1350
1485,1400,1716,1467,1385,1510,1396,1407,1382,1357
1451,1393,1591,1448,1503,1503,1358,1492,1400,1417
1416,1489,1582,1384,1425,1411,1458,1382,1417,1441
1621,1508,1550,1474,1400,1349,1407,1415,1495,1334
1354,1476,1649,1451,1399,1381,1434,1385,1436,1490
2448,1407,1583,1381,1394,1350,1395,1324,1367,1390
1458,1447,1621,1524,1415,1422,1795,1403,1374,1415
1461,1410,1544,1432,1357,1468,1361,1452,1690,1485
1450,1449,1566,1509,1423,1416,1428,1475,1383,1374
1457,1466,1524,1455,1408,1411,1725,1466,1360,1448
1868,1416,1541,1376,2286,1446,1402,1474,1430,1393
1385,1566,1599,1486,1429,1453,1397,1435,1394,1490
1462,1533,1550,1811,1366,1381,1391,2348,1713,1391
1441,1533,1541,1401,1344,1399,1337,1407,1385,1424
1404,1350,1632,1432,1402,1348,1429,1408,1389,1350
2441,1373,1558,1431,1504,1301,1391,1514,1399,1357
1438,1390,1574,1330,1369,1333,1411,1418,1426,1332
1360,1369,1575,1431,1413,1332,1462,1459,1398,1366
1400,1339,1591,1474,1506,1405,1424,1381,1433,1460
1569,1390,1566,1416,1427,1366,1486,1317,1433,1414
1483,1294,1557,1430,1413,1400,1355,1413,1425,1458
1387,1351,1591,1432,1369,1352,1399,1369,1390,1807
1424,1365,1713,1453,1396,1408,1384,1358,1399,1442
1514,1412,1561,1389,1400,2429,1390,1402,1416,1391
1422,1426,1591,1401,1424,1503,1408,1470,4440,1341
1421,1402,1557,2308,1424,1332,1374,1441,1420,1417
1399,1331,1608,1418,1385,1341,1391,1716,1395,1448
1400,1366,1574,1461,1419,1667,1449,1382,1400,1407
1461,1334,1583,1395,1384,1374,1433,1425,1424,1425
1433,1333,1582,1372,1502,1407,1450,1434,1433,1451
1483,1459,1600,1392,1424,1315,1399,1461,1424,1439
1441,1373,1541,1423,1401,1407,1399,1445,1433,1375
1457,1373,1582,1424,1398,1424,1425,1433,1408,1318
1458,1570,1608,1366,1409,1383,1451,1432,1399,1430
1449,1462,1533,1441,1456,1360,1431,1401,1399,1359
1500,1375,1599,1351,1426,1399,1466,1333,1409,1350
4548,1541,1566,1425,1473,1374,1353,1491,1435,1508
1346,1350,1533,1391,1416,1423,1530,1499,1388,1479
1570,1441,1591,1531,1475,1433,1366,1490,1399,1485
1403,1358,1649,1498,1411,1444,1431,1481,1450,1417
1408,2382,1574,1442,1429,1513,1376,1475,1374,1515
1487,1431,1558,1408,1409,1409,1432,1385,1383,1481
1403,1424,1616,1483,1431,1555,1303,1586,1402,1394
1450,1465,1574,1392,1516,1459,1454,1502,1394,1496
1470,1451,1575,1391,1450,1393,1424,1442,1461,1441
1517,1458,1591,1416,1409,1449,1444,1542,1432,1403
1394,1475,1566,1367,1393,1416,1405,1441,1408,1498
1383,1398,1574,1432,1381,1390,1399,1494,1377,1456
1416,1375,1607,1373,1466,1427,1400,1397,2324,1394
1408,1432,1566,1483,1374,1580,1383,1460,1431,1482
1544,1433,1533,1385,1408,1436,1374,1421,1394,1432
1475,1425,1607,1506,1407,1439,1436,1392,1495,1449
1499,1441,1575,1383,1362,1585,1372,1628,1385,1368
1474,1476,1549,1425,1452,1429,1415,1511,1789,1481
1363,1424,1599,1416,1458,1359,1393,1376,1418,1393
1457,1489,1583,1416,1399,1504,1419,2400,1348,1416
1470,1409,1574,1443,1376,1469,1460,1363,1399,1464
2491,1733,1675,1430,1466,1464,1386,1417,1362,1474
1501,1389,1590,1523,1366,1432,1406,1457,1444,1351
1464,1442,1583,1467,1383,1336,1441,1431,1442,1433
1450,1503,1591,1447,1429,1451,1424,1416,1457,1438
1450,1520,1591,1427,1478,1331,1433,1328,1417,1311
1450,1400,1583,1518,1383,1452,1458,1359,1383,1410
1369,1359,1575,1547,1416,1481,1399,1382,1383,1488
1457,1489,1590,1399,1439,1390,1482,1374,1407,1522
1465,1458,1624,1411,1408,1413,1492,1332,1399,1364
1392,1435,1583,2444,1426,1442,1415,1416,1408,1379
1383,1439,1566,1409,1406,1402,1433,1448,1407,1572
1392,1424,1624,1425,1468,1399,1409,1660,1450,1385
1578,1410,1591,1499,1456,1414,1465,1375,1410,1449
1387,2306,1592,1441,1410,1393,1382,1443,1415,1461
1470,1450,1583,1535,1427,1458,1375,1411,1401,1445
1470,1768,1657,1358,1486,1431,1392,1418,1479,1441
1383,1944,1574,1347,1443,1326,1398,1383,1718,1468
1424,1468,1599,1475,1431,1441,1391,1512,1401,1442
1392,1491,1625,1500,1418,1485,1416,1577,1445,1488
1536,1494,1674,1529,1374,1439,1425,1517,1417,1468
1421,1912,1616,1491,1435,1408,1366,1431,1501,1448
1544,1433,1624,1570,1475,1492,1402,1469,1465,1492
1526,1467,1641,1501,1478,1536,1449,1463,2260,1383
1427,1431,1836,1470,1443,1501,1455,1359,1422,1391
1478,1475,1604,1550,1401,1441,1483,1434,1390,1476
1454,1460,1616,1484,1496,1475,1467,1324,1442,1398
1425,1455,1574,1460,1484,1384,1448,1350,1424,1432
1432,1517,1591,1483,1469,1523,1394,1472,1449,1426
1487,1392,1591,1537,1471,1482,1372,1482,1734,1470
1503,2327,1599,1467,1452,1402,1444,1511,1393,1460
1467,1428,1583,1489,1443,1506,1480,1398,1471,1448
1503,1474,1741,1411,1470,1384,1416,1510,1467,1419
1557,1493,1616,1365,1473,1423,1416,1380,1424,1415
1454,1423,1616,1408,1766,1425,1470,1497,1476,1466
2424,1466,1616,1439,1436,1480,1512,1361,1444,1417
1470,1452,1591,1434,1377,1353,1416,1374,1436,1407
1396,1446,1624,1367,1468,1332,1419,1433,1360,1409
1530,1410,1650,1399,1395,1325,1430,1391,1405,1406
1472,1300,1599,1507,1481,1324,1435,1307,1386,1407
1421,2398,1599,1450,1426,1325,1413,1308,1402,1442
1399,1374,1583,1488,1402,1492,1399,1325,1445,1405
1453,1457,1616,1344,1460,1438,1400,1437,1465,1392
1533,1442,1574,1466,1491,1391,1399,1361,1419,1433
1379,1480,1567,1435,1418,2440,1550,1398,1801,1491
1453,1417,1649,1513,1417,1433,1399,1459,1404,1400
1534,1459,1682,1508,1513,1483,1366,1341,1369,1433
1516,1432,1549,1473,1449,1493,1383,1451,1478,1441
1506,1424,1541,1416,1433,1422,1353,1365,1469,1758
1483,1400,1591,1443,1386,1419,1462,1485,1723,1495
1454,1451,1607,1485,1437,1307,2269,1372,1352,1404
1496,1432,1600,1545,1428,1408,1527,1466,1430,1406
1490,1419,1557,1352,4324,4639,1435,1408,1353,1425
1457,1364,1560,1474,1393,1439,2278,1507,1528,1536
1466,1464,1647,1451,1485,1424,1468,1374,1424,1356
1475,1351,1600,1496,2328,2293,1453,1445,1421,1382
1518,1539,1566,1449,1730,1409,1390,1371,1421,1460
1402,1441,1707,1449,1431,1759,1502,1408,1369,1348
1494,1433,1616,4351,1386,1512,1388,1466,1503,1407
1468,1448,1566,1460,1423,1482,1425,1499,1426,1432
1498,1452,1583,1421,1416,1427,1450,1391,1416,1449
1467,1382,1591,1526,1386,2422,1416,1441,1357,1432
1458,1457,1607,1451,1413,1378,1424,1408,1416,1416
1500,1485,1608,1527,1389,1413,1357,1416,1386,1402
1439,1432,1549,1486,1487,1515,2432,1424,1393,1432
1482,2472,1600,1441,1410,1443,1416,1399,1476,1424
1433,1443,1607,1501,1443,1447,1417,1442,1368,1383
1500,1448,1575,1439,1426,1445,1395,1489,1385,1424
1449,1448,1649,1556,1485,1389,1462,1451,1455,1463
1404,1427,1583,1383,1377,1391,1399,1358,1424,1433
1438,1501,1607,1392,1386,1383,1399,1446,1408,1385
1490,1470,1608,1436,1423,1451,1742,1409,1366,1382
1420,1327,1567,1404,1436,1349,1424,1385,1416,1335
1399,1350,1657,1666,1388,1374,1366,1638,1394,1390
1416,1408,1590,1475,1426,1407,1460,1377,1377,2241
1487,1341,1567,1464,1411,1416,1377,1410,1460,1333
1379,1349,1665,1458,1453,1476,1404,1454,1383,1374
1586,1456,1600,1417,1366,1390,1424,1317,1366,1391
1363,1457,1591,1481,1450,1374,1401,1433,1383,1400
1479,1410,1657,1435,1452,1341,1398,1466,1382,1407
1345,1375,1549,1383,1389,1499,1390,1383,1394,1374
1519,1448,1575,1334,1506,1408,1441,1293,1356,1374
1449,1334,1582,1554,1426,1406,1367,1496,1345,1432
1363,1366,1633,1334,1353,1374,1390,1415,1404,1414
1421,1472,1566,1425,1461,1392,1383,1434,2415,1403
1456,1466,1557,1425,2450,1302,1424,1417,1449,1391
1433,1382,1609,1422,1457,1355,1377,1458,1409,1416
1435,1435,1607,1466,1392,1359,1448,1447,1366,1375
1497,1341,1532,1444,1449,1341,1382,1385,1390,1896
1458,1464,1591,1400,2319,1416,1415,1453,1408,1417
1441,1385,1608,1357,1411,1491,1361,1461,1707,1376
1442,1524,1791,1435,1433,1384,1364,1434,1369,1448
1798,1384,1549,1439,1399,1366,1390,1458,1430,1725
1395,1365,1441,1510,1353,1470,1400,1399,1408,1455
1455,1450,1458,1543,1440,1501,1392,1499,1375,1544
1465,1438,1483,1449,1416,1416,1374,1441,1391,1482
1362,1403,1411,1378,1414,1327,1399,1463,1398,1456
1383,1357,1343,1399,1420,1439,1385,2329,1442,1442
2487,1398,1428,1509,1462,1382,1752,1430,1382,1465
1456,1472,1429,1434,1449,1367,1518,1432,1359,1426
1491,1428,1406,1502,1353,1350,1450,1404,1448,1449
4437,1471,1400,1377,1470,2275,1383,1388,1358,1368
1532,1441,1479,1399,1376,1422,1408,1447,1383,1429
1481,1501,1461,1482,1374,1468,1377,1509,1416,1410
1488,1359,1443,1434,1424,1506,1430,1459,1425,1450
1458,1480,1414,1350,1428,1374,1407,1373,1382,1425
1378,1483,1424,1526,1438,1468,1486,1408,1417,1451
1454,1491,1491,1469,1467,1423,1377,1434,1432,1494
1433,1482,1383,1441,1377,1535,1411,1398,1391,1442
1395,1410,1418,1467,1462,1397,1467,1448,1432,1441
1374,1456,1414,1368,1408,1401,1451,1359,1408,1363
1479,1508,1345,1423,1400,1456,1421,1384,1441,1472
1500,1483,1462,1385,1449,2399,1425,1357,1433,1546
1482,1410,1442,1372,1443,1435,1460,1450,1452,1294
1449,1456,1391,1426,1456,1480,1386,1481,1394,1358
1441,1449,1401,1373,1442,1384,1420,1398,1428,1559
1509,1377,1406,1408,1406,1366,2285,1391,1390,1396
1482,1438,1432,1851,1400,1390,1430,1294,1366,1393
1442,1344,1404,1390,1401,1434,1399,1390,1375,1388
1431,1489,1438,1490,1449,1440,1399,1466,1391,1421
1441,1449,1370,1392,1378,1484,1361,1318,1416,1406
1433,1466,1427,1400,1486,1438,1454,1307,1426,1427
1441,1450,1383,1399,1376,1344,1424,1563,1465,1504
1433,1461,1377,1375,1454,1455,1474,1425,1403,1367
1417,1437,1445,1423,1453,1425,1409,1468,1486,1457
1378,1433,1386,1417,1358,1791,1423,1414,1359,1408
1719,1450,1400,1533,1349,1499,1445,1432,1369,1357
1458,1481,1447,1532,2447,1465,1384,1450,1478,1391
1433,1392,1388,1449,1433,2353,2331,1441,1418,1417
1371,1526,1413,1472,1435,1340,2274,1392,1465,1415
1471,1398,1407,1426,1374,1606,1460,1433,1417,1442
1472,1449,1390,1475,1349,1467,1428,1774,1382,1456
1388,1510,1361,1392,1391,1359,1473,1491,1404,1451
1471,1435,1356,1481,16509,1482,1417,1401,1503,1375
1532,1485,1473,1375,1393,1485,1432,1374,1448,1454
1434,1394,1392,1476,1425,1356,1392,1765,1426,1411
1422,1840,1440,1449,1508,1482,1390,1806,2285,1516
1450,1458,1843,1491,1420,1415,1433,1476,1445,1392
1516,1407,1447,1341,1425,1449,1408,1800,1484,1349
1466,2498,1391,1482,1392,1376,1375,2334,1466,1474
1432,1417,1409,1507,1506,1432,1423,1439,1434,1400
1396,1402,1368,1532,1458,1407,1427,1400,1399,1440
1486,1473,1429,1467,1441,1377,1398,1399,1378,1474
1491,1432,1401,1424,1376,1430,1473,1391,1460,1398
1441,1407,1465,1351,1383,1434,1401,1588,1693,1344
1441,1524,1432,1430,1439,1375,1390,1427,1399,1380
1451,1441,1425,1417,1441,1532,1444,1515,1432,1426
1482,1416,1399,1392,1450,1457,1413,1816,1434,1505
1466,1368,1361,1491,2499,1394,1424,1426,1378,1484
1379,1521,1361,1472,1457,1469,1442,1400,2511,1393
1513,1410,1436,1468,1385,1426,1533,1441,1434,1424
1489,1449,1508,1392,1447,1412,1361,1416,1352,1440
1483,1524,1425,1491,1441,1437,1404,1399,1546,1384
1430,1425,1374,1458,1437,2375,1471,1481,1358,1464
1577,1441,1693,1408,1389,1565,1453,1466,1407,1499
1432,1408,1435,1429,1361,1376,1391,1370,1433,1377
1396,1449,1473,1426,1486,1504,1432,1350,1382,1374
1491,1432,1486,1376,1457,1353,1418,1388,1375,1375
1495,1499,2370,1469,1442,1464,1514,1457,1424,2398
1441,1452,1418,1461,1457,1385,1491,1359,1459,1496
1441,1405,1462,1393,1483,1501,1428,1408,1448,1517
1457,1477,1435,1416,1482,1431,1454,1424,1475,1500
1416,1423,1409,1473,1425,1416,1449,1440,1451,1460
1458,1466,1502,1417,1461,1489,1391,1376,1422,1399
1450,1467,1441,1522,1404,1368,1475,1399,1425,1374
1432,1433,1484,1476,1450,1471,1433,1458,1416,1416
1450,1619,1423,1407,1409,1475,1411,1374,1399,1425
1541,1413,1425,1416,1440,1442,1502,1349,1374,1446
1491,1447,1407,1417,1449,1435,1451,1383,1375,1312
1441,1466,1450,1465,1443,1414,1386,1515,1417,1390
1492,1459,1457,1416,1399,1434,1396,1498,1423,2317
1457,1465,2329,1423,1423,1510,1375,1368,1441,1397
1449,1391,1512,1563,1399,1437,1407,1366,1450,1492
1483,1483,1436,1551,1421,1366,1483,1308,1400,1391
1459,1489,1628,1396,1538,1351,1400,1316,1382,1433
1447,1394,1385,1408,1344,1417,1370,1456,1736,1366
1442,1440,1399,1455,1478,1390,1437,1494,1487,1383
1450,1326,2483,16329,1418,1367,1523,1446,1416,1440
1465,1350,1389,1423,1390,1399,1400,1360,1408,1391
1433,1439,1353,1461,1457,1518,1400,1505,1399,1435
1432,1399,3357,1430,1369,1414,1391,1416,1419,1406
1841,1383,1385,1422,1410,1675,1417,1418,1380,1447
1449,1383,1527,1465,1485,1390,1382,1467,1404,1457
1416,1549,1416,1518,1370,1458,1328,1509,1429,1419
1508,1450,1392,1500,1499,1408,1454,1521,1370,1392
1408,1392,1431,1400,1401,1374,1457,1450,1404,1468
1449,1408,1400,2367,1461,1484,1416,1478,1394,1397
1381,1391,1377,1397,1361,1447,1400,1463,2495,1407
1481,1423,1405,1499,1398,1375,1416,1450,1385,1800
1366,1392,1436,1499,1426,1342,1427,1468,1431,1407
1436,1398,1387,1458,1388,1324,1371,1405,1426,1383
1379,1474,1400,1458,1432,1499,1726,1483,1397,1547
1400,1483,1418,1506,1433,1358,1448,1407,1408,1457
1436,1368,2455,1386,1449,1391,1433,1545,1483,1361
1491,1474,1395,1398,1408,1448,1466,1396,1403,1425
1387,1391,1429,1350,1441,1466,1469,1521,1470,1430
1487,1506,1449,1439,1424,1475,1385,1443,1416,1434
1441,2367,1408,1442,1450,1384,1469,1451,1450,1473
1468,1399,1418,1435,1419,1383,2311,1424,1466,1526
1474,1416,1537,1400,1415,1358,1446,1443,1452,1468
1423,1465,1518,1529,1431,1373,1418,1390,1402,1453
1424,1351,1426,1474,1399,1333,1398,1349,1412,1391
1433,1358,4352,1376,1391,1367,1468,1365,1384,1361
1491,1375,1452,1458,1387,1342,1410,1440,1366,1444
1426,1441,1370,1341,1395,1473,1437,1418,1568,1371
1487,1441,1419,1448,1417,1424,1507,1324,1453,1316
1818,1424,1485,1426,1402,1425,1420,1457,1377,1474
1426,1389,1416,1408,1371,1405,1469,1467,2380,1491
1448,1402,1416,1350,1491,1441,1409,1402,1374,1441
1416,2348,1407,1407,1443,1433,1377,2331,1424,1468
1433,1333,1416,1424,1418,1433,1385,1431,1394,1390
1416,1366,1391,1408,1471,1457,1437,1400,1394,1389
1466,1491,1450,1390,1415,1433,1481,1390,1411,1499
1432,1333,1407,1466,1383,1374,1725,1416,1399,1437
1346,1399,1412,1466,1370,1425,1424,1492,2416,1472
1461,1341,1418,1384,1422,1301,1419,1455,1367,1716
1425,1466,1493,1382,1416,1456,1393,1375,1406,1447
1441,1407,1417,1449,1415,1319,1428,1427,1359,1733
1424,1491,1411,1425,1441,1457,1441,1468,1403,1458
1475,1441,1427,1441,1482,1405,1441,1470,1545,1483
1432,1434,1468,1475,1402,1399,1400,1407,1423,1417
1458,1456,1377,1449,1406,1344,1399,1450,1426,1349
1401,1489,1522,1398,1391,1399,1428,1409,1411,1457
1424,1426,1399,1375,1411,1430,1413,1430,1496,1423
1425,1483,1509,1467,2447,1401,1391,1394,1441,1449
1424,1441,1402,1441,1419,1449,2456,1374,1395,1394
1456,1491,1376,1433,1528,1433,1359,1399,1412,1460
1443,1823,1452,1488,1408,1374,1365,2368,1499,1431
1472,1493,1449,1532,1434,1459,1486,1455,1402,1439
1462,1432,1426,1386,1433,1430,1439,1424,1470,1467
1414,1483,1392,1383,1366,1426,1382,1425,1445,1430
1394,1507,1406,1456,1352,1416,1377,1450,1406,4508
1428,2375,1409,1468,1434,1408,1504,1448,1449,1450
1408,1399,1390,1449,1486,1431,1400,1393,1383,1431
1391,1482,1401,1399,1366,1467,1336,1473,1410,1507
1434,1426,1431,1473,1399,1478,1429,1478,2413,1434
1370,2394,1482,1449,1485,1436,1684,1502,1383,1490
1365,1503,1433,1476,1514,1385,1432,1484,1311,1426
1445,1376,1408,1486,1424,1481,1377,1451,1426,1456
1441,1724,1484,1427,1399,1516,1410,1483,1486,1366
1491,1388,1398,1435,1391,1451,1429,1408,1399,1358
1363,1452,1367,1475,1425,1475,1426,1483,1394,1366
1511,1440,1457,1409,1391,1558,1398,1307,1780,1442
1499,1441,1394,1432,4433,1545,2447,1408,1411,1409
1459,1516,1423,1390,1394,1426,1377,1466,1496,1448
1416,1492,1390,1424,1479,1408,1474,1447,1358,1484
1384,1366,1425,1308,1432,1367,1407,1360,1391,1350
1482,2351,2399,1768,1402,1440,2407,1349,2424,1358
1383,1438,4317,1462,1413,1419,1382,1382,1386,1424
1406,1410,1385,1383,1478,1526,1407,1467,1396,1470
1474,1409,1435,2351,1412,1404,1408,1316,1474,1493
2441,1398,1416,1441,1791,1493,1433,1441,1399,1416
1433,1482,1432,1449,1435,1474,1524,1350,1425,1450
1517,1481,1425,1439,1405,1423,1450,1457,1443,1432
1427,1417,1442,1459,1393,1817,1440,1590,1386,1434
1502,1514,1443,1431,1493,1441,1459,1375,1427,1474
1518,1417,1413,1467,1463,1604,1415,1781,1384,1434
1424,1360,1684,1443,1457,1417,1408,1474,1443,1441
1408,1449,1448,1407,1442,1407,1383,1393,1402,1342
1442,1496,1416,1389,1516,1481,1382,1484,1485,1416
1498,1653,1408,1425,1441,1379,1400,1357,1369,1391
1466,1449,1433,1386,1432,1455,1424,1408,1413,1449
1466,1448,1417,1381,1403,1344,1412,1358,1311,1382
1466,1458,1432,1376,1463,1483,1454,1382,1727,1382
1474,1490,1424,1440,1441,1480,1366,1391,1519,1376
1428,1458,1416,1489,1450,1375,1391,1358,1399,1316
1495,1392,1399,1451,1498,1467,1378,1333,1391,1341
1450,1542,1361,1423,1426,1408,1479,1464,1419,1458
1458,1416,1562,1401,1366,1432,1416,1351,1430,1415
1449,1489,1395,1450,1441,1343,1391,1383,1416,1433
2532,1425,1427,1452,1353,1383,1491,1465,1392,1416
1416,1365,1445,1429,1503,1408,1466,1457,1424,1374
1444,1411,1431,1457,1441,1374,1441,1326,1432,1384
1432,1388,1433,1433,1449,1388,1458,1498,1433,1291
1414,2319,1369,1416,1766,1452,1449,1326,1386,1489
1411,1417,1423,1334,1434,1546,1392,1374,1612,1343
1600,1439,1403,1465,1440,1425,1448,1358,1391,1491
1446,1482,1435,1473,1374,1427,1416,1408,1392,1454
1441,1432,1445,1408,1395,1488,1425,1399,2377,1426
1466,1409,1488,1433,1405,1476,1424,1415,1396,1425
1484,1449,1416,1474,1423,1524,1483,1392,1416,1524
1456,1415,1441,1484,1395,1391,1441,1691,1474,1384
1416,1442,1467,1448,1422,1423,1391,1507,1425,1408
1408,1511,1506,1498,1508,1444,1450,1490,1374,1408
1441,1551,4467,1369,1408,1441,1424,1441,1458,1531
1379,1378,1419,1465,1407,1505,1408,1441,1417,2318
1516,1482,1519,1545,1403,1475,1375,1475,1407,1365
1396,1367,1375,1380,1469,1528,1402,1507,1394,1442
1432,1424,1433,1391,1425,1429,1470,1449,1404,1469
1441,1383,1449,1383,1424,1385,1400,1424,1416,1337
1426,1439,1476,1433,1403,1449,1366,1424,1400,1400
1401,1559,1435,1357,1371,2441,1383,1486,1387,1432
1384,1423,1429,1476,1428,1804,1399,1456,1469,1441
1503,1368,1418,1446,1459,1370,1402,1344,1401,1358
1449,1367,1464,1498,1413,1308,1422,1570,1435,1350
1433,1357,1508,1426,1425,1390,1394,1407,1408,1341
1433,1341,1416,1517,1449,1465,1371,1320,1405,1307
1457,1383,1419,1407,1401,1416,1436,1397,1357,1350
1410,1457,1421,1342,1404,1343,1413,1417,1358,2340
1369,1407,1444,2425,1428,1308,1383,1367,1507,1447
1436,1358,1479,1308,1437,1341,1416,1467,1437,1344
1469,1439,1393,1357,1370,1357,1500,1457,1426,1416
1394,1327,1431,1342,1414,1675,1383,1424,1356,1431
1485,1358,1361,1460,1406,1422,1415,1366,1393,1494
1403,1358,1390,1398,1360,1393,1425,1499,1494,1339
1435,1472,1361,1388,1397,1382,1415,1489,1407,1427
1437,1433,1444,1383,1401,1350,1425,1327,1427,1372
1433,1444,1433,1482,1378,1333,1449,1449,1373,1475
1405,1389,1434,1450,1653,1308,1469,1423,1398,1431
1425,1415,1400,1391,1377,1422,1755,1417,1392,1767
1416,1491,1358,1384,1374,1343,1482,1465,1387,1466
1493,1458,1382,1447,1418,1349,1467,1425,1470,1398
1411,1458,1439,1485,1388,1392,1403,1482,1362,1501
1502,1384,1346,1464,1370,1390,1445,1425,1470,1393
1416,2375,1486,1483,1477,1408,1424,1482,1377,1488
1441,1473,1517,1492,1378,1443,1483,1443,1402,1417
1441,1428,2294,1548,1389,1439,1385,1481,1420,1476
1416,1512,1368,1401,1395,1383,1415,1491,1391,1471
1413,1565,1520,1482,1529,1491,1782,1474,1374,2533
1503,1493,1345,1447,1353,1484,1365,1385,1345,1359
1432,1389,1461,1476,1404,1381,1441,1449,1414,1464
1427,1451,1432,1425,1418,1425,1375,1498,1388,1401
1455,1423,1441,1415,1429,1332,1383,1472,1375,1400
1825,1449,1408,1416,1433,1460,1474,1451,1508,2538
1424,1409,2491,1475,1443,1478,1449,2509,1419,1483
1391,1541,1403,1401,1410,1427,1501,1435,1401,1401
1441,1392,1368,1341,1445,1406,1415,2430,1461,1446
1443,1481,1420,1563,2416,1466,1450,1416,1436,1459
1474,1490,1423,1444,1424,1418,1399,1375,1421,1435
1440,1408,1424,1424,1383,1374,1391,1432,1449,1472
1424,1426,1425,1460,1374,1485,1449,1497,1451,1433
1449,1443,1424,1511,1401,1397,1399,1457,1403,1469
1450,1414,1416,1400,1407,1394,1408,1450,1511,1470
1416,1481,1408,1335,1442,1486,1416,1408,1426,1493
1433,1327,1435,1399,1400,1343,1408,1392,1431,1424
2424,1388,1439,1333,1410,1317,1432,1358,1378,1310
1401,1457,1411,1358,1452,1325,1475,1357,1463,1372
1406,1345,2515,1446,1384,1365,1424,1436,1435,1457
1337,1488,1427,1476,1408,1366,1391,1429,1385,1427
1437,1525,1452,1334,1453,1402,1433,1442,1420,1399
1416,1452,1391,1394,1412,1405,1399,1458,1395,1790
1402,1438,1416,1453,1450,1394,1391,1424,1421,1434
1531,1399,1368,1360,1412,1413,1700,1409,1433,1474
1366,1485,1407,1494,1436,1507,1407,1424,1394,1560
1370,1460,1345,1502,1378,1467,1425,1408,1362,1472
1527,1430,1417,1508,1352,1452,1368,1556,1374,1473
1391,1423,1412,1451,1462,1612,1390,1451,1437,1416
1353,1495,1369,1423,1344,1484,1415,1443,1417,1458
1439,1463,1569,1450,1429,1341,1408,1504,1470,1390
1456,1527,1416,1409,1346,1414,1407,1418,1378,1452
1395,1439,2254,1505,1518,1451,1491,1440,1404,1389
1381,1440,1470,1459,1416,1431,1416,1508,1409,1408
1427,1465,1329,1491,1433,1458,1458,1359,1402,1483
1447,1441,1401,1467,1376,1449,1449,1399,1486,1457
1514,1423,1528,1515,1386,1440,1466,1474,1441,1423
1384,1469,1409,4506,1469,1503,1416,1473,1477,1426
1456,1482,1413,1473,1392,1434,1452,1441,1394,1468
1459,1417,1384,1449,1457,1414,1489,1399,2485,1497
1417,1456,1605,1361,1435,1466,1449,1458,1495,1484
1416,1433,1469,2367,1435,1414,1442,1433,1521,1464
1386,1473,1394,1670,1536,1465,1441,1491,1399,1449
1511,1469,1503,1486,1378,1403,1415,4433,1400,1461
1417,1473,1509,1472,1351,1381,1425,1416,1336,1404
1421,1477,1345,1425,1446,1484,1482,1540,1405,1395
1493,2421,1446,1467,1395,1469,1416,1424,1465,1493
1386,1427,1344,1440,1477,1452,1419,1366,1408,1428
1423,1596,1471,1572,1391,1417,1380,1392,1407,1526
1386,1367,1361,1368,1443,1454,1384,1490,1400,1367
1469,1474,1380,1476,1661,1527,1390,1417,1399,1326
1425,1466,1414,1401,1404,1482,1368,1357,1399,1406
1474,1501,1409,1355,1400,1450,1365,1401,2408,1519
1378,1448,1361,1474,1386,1516,1465,1444,1417,1412
1372,1384,4793,1409,1438,1491,1377,1478,1352,1415
1408,1480,1496,1516,1439,2353,1381,1376,1396,1475
1433,1441,1421,1440,1368,1776,1532,1414,1346,1456
1414,1458,1378,1474,1352,1436,1424,1474,1477,1369
1408,1516,1528,1440,1528,1432,1408,1433,1375,1383
1418,1458,1426,1427,8455,1491,1425,1458,1399,1426
1456,1400,1386,1473,1391,4527,1474,1482,1758,1446
1399,1466,1477,1456,1383,1428,1425,1466,1424,1481
1426,1417,1434,1466,1474,1458,1432,1433,1424,1434
1406,1772,1420,1426,1476,1751,1450,1425,1400,1458
1433,1416,1376,1414,1402,1449,1743,1400,1491,1458
1391,1441,1430,1441,1417,2376,1430,1763,1427,1351
1419,1476,1477,1451,1452,1489,1474,1526,1397,1399
1421,1449,1453,1481,1433,1439,1424,1469,1441,1458
1450,1475,1389,1442,1394,1412,1467,1480,1369,1366
1803,1359,1387,1427,1499,1471,1415,1431,1504,1424
1447,1349,1368,1357,1547,1450,1450,1393,1425,1416
1448,1431,1477,1374,1433,1440,1424,1458,1369,1473
1450,1518,1420,1465,1416,1385,1391,1448,1421,1474
2458,1426,1385,1375,2295,1359,1408,1466,1391,2285
1448,1470,1477,1440,1471,1308,1392,1443,1429,1412
1409,1376,1407,1474,1431,1357,1415,1516,1503,1393
1418,1432,1418,1392,1383,1375,1374,1533,1375,2375
1402,1326,1431,1382,1393,1463,1354,1341,1399,1416
1462,1341,1433,1408,1499,1760,1462,1439,1416,1406
1436,1416,1403,1435,1723,1458,1433,1476,1367,1441
1462,1425,1537,1472,1401,1748,1442,1367,1419,1475
1420,1457,1474,1360,1430,2456,1448,1498,1795,1374
1486,1392,1395,1464,1500,1434,1383,1467,1425,1441
1400,1389,1427,1452,1416,1343,1416,1372,1407,1433
1432,1441,1560,1414,1378,1341,1778,1443,1402,1334
1407,1399,1694,1416,1410,1466,1421,1449,1414,1491
1400,1360,1402,1391,1428,1498,1390,1440,1399,1432
1433,1374,1527,1545,1353,1391,1452,1499,1359,1434
1424,1457,1361,1520,1444,1740,1381,1432,1369,1494
1494,1457,1429,1457,1412,1483,1374,1433,1494,1447
1402,1500,1493,1402,1487,1351,1402,1446,1767,1340
1485,1357,1406,1341,1393,1374,1456,1485,1475,1474
1425,1509,1391,1350,1420,1316,1426,1394,1682,1482
1399,1350,1467,1488,1469,1483,1405,1367,1434,1466
1399,1324,1450,1459,1409,1391,1451,1532,1393,1534
1441,1391,1385,1440,1398,1391,1459,1398,1439,1398
1429,1391,2529,1334,1416,1464,1405,1424,1435,1442
1437,1532,1386,1365,1432,1445,1391,1559,1418,1489
1432,1399,1420,1401,1451,1536,1378,1391,1469,1425
1347,1449,1408,1457,1394,1426,1379,1342,1484,1481
1482,2533,1433,1351,1395,1482,1433,1476,1406,1475
1461,1482,1457,1399,1418,1417,1491,1503,1442,1491
1458,1448,1433,1421,1441,1397,1407,1399,1432,1440
1426,1377,1418,1392,1456,1436,1391,1409,1426,1376
1448,4341,1415,1494,1442,1366,1766,1359,1465,1441
1466,1438,1417,1430,2319,1309,1450,1425,1460,1393
1483,1425,1423,1508,1454,1708,1402,1408,1414,1391
1482,1449,1407,1733,1426,1431,1418,1428,1449,1413
4511,1432,2458,1326,1434,1341,1536,1519,1394,1394
1453,1524,1449,1299,1439,1327,1466,1668,1405,1458
1426,1335,1441,1372,1448,1512,1399,1429,1345,1505
1425,1416,1416,1475,1424,1475,1400,1418,1511,1370
1464,1449,1386,1434,1417,1376,1399,1475,1408,1457
1369,1557,1388,1442,1474,4505,1400,1485,1402,1455
1430,1449,1432,1407,1367,1449,1416,1429,1356,1425
1462,1384,1400,1399,1375,1359,1425,1402,1336,1399
1418,1423,1400,1334,1431,1414,2301,1413,1504,1459
1501,1408,1425,1523,1416,1393,1410,1476,1393,1415
1441,1449,8428,1325,1378,1342,1427,1415,1397,1407
1483,1458,1476,1441,1347,1357,1400,1334,1433,1383
1386,1434,1410,1416,1458,1391,1377,1436,1433,1436
1429,1333,1454,1300,1378,1375,1372,1388,1416,1379
1379,1541,1451,1366,1404,1358,1459,1439,1375,1394
1403,1477,1448,1524,2243,1473,1390,1408,1441,1439
1409,2406,1424,1375,1405,1740,1382,1440,1390,1758
1441,1472,1394,1325,1370,1359,1433,1492,1402,1467
1377,1432,1402,1340,2469,1458,1407,1449,1455,1416
2300,1433,1460,1465,1361,1501,1411,1424,1433,1374
1436,1468,1387,1351,1381,1381,1339,1402,1424,1367
1387,1422,1462,1448,1370,1392,1395,1472,1416,1489
1443,1433,1410,2383,1527,1543,1470,1468,1419,1399
1502,1476,1431,1399,1386,1371,1407,1399,1447,1466
1369,1423,1351,1483,1406,1400,1527,1542,1435,1483
1394,2385,1556,1496,1361,1430,1480,1484,1427,1484
1503,1323,1474,1378,1453,1485,1419,1446,1486,1383
1516,1415,1403,1389,1409,1383,1438,1434,1399,1400
1432,1465,1423,1477,1383,1440,1418,1390,1417,1455
1424,1894,1417,1382,1410,1499,1409,1518,1410,1452
1451,1422,1413,1423,1387,1415,1380,1389,1380,1422
1406,1417,1401,1476,1445,1441,1358,1476,1382,1484
1451,1390,1498,1497,1396,1427,1374,1431,1375,1473
1465,1526,1386,1441,1793,1374,1408,1443,4440,1508
1511,1457,1421,1450,1471,1408,1416,1381,1417,1518
1387,1390,1426,1411,1462,1504,1435,1457,1415,1427
1424,1442,1426,1462,1410,1391,1397,1469,1707,1494
1418,1485,1429,1434,1379,1409,1377,1388,1383,1743
1369,1437,1379,1425,1352,1725,1364,1425,1393,1458
1463,1457,1487,1373,1437,1401,1449,1376,1515,1458
1416,1434,1370,1366,1395,1463,1394,1358,1391,1474
1398,1441,1453,1483,1380,1369,1404,1457,1432,1482
1424,1435,1403,1415,1403,1318,1393,1358,1419,1392
1410,1405,1398,1385,1485,1389,1361,1349,1439,1341
1442,1449,1344,1431,1379,1776,1520,1342,1417,1383
1520,1494,1438,1816,1443,1448,1408,1391,1415,1440
1451,1397,1410,1419,1395,1342,1465,1397,1382,1381
1416,1433,1401,1440,1468,1517,1450,1491,1424,1450
1454,1433,2502,1460,1396,1463,1407,1409,1449,1460
1495,1382,1403,1486,1466,1424,1475,1426,1408,1355
1424,1458,1368,1432,1441,1368,1424,1463,1425,1476
1453,1440,1443,1527,2295,2291,1408,1401,1449,1448
1637,1459,1428,1448,2374,1547,1374,1473,1394,1385
1468,1424,1471,1441,1437,1508,1402,1417,1405,1357
1460,1433,1400,1426,1442,1358,1380,1447,1385,1416
1437,1477,1409,1484,1431,1419,1378,1378,1410,1416
1445,1409,1456,1356,1435,1480,1490,1385,1436,1317
1404,1389,1428,1474,1451,1308,1419,1363,1394,1415
1441,1391,1385,1483,1418,1333,1529,1308,1402,1366
1484,1722,1443,2410,1429,1521,1423,1416,1435,1516
1499,1476,1420,1439,1449,1476,1392,1398,1359,1408
1425,1474,1402,1472,1678,1350,1398,1350,1361,1391
1466,1443,1453,1403,1627,1401,1402,1384,1519,1494
1407,1396,1361,1458,1386,2358,1405,1490,1427,1521
1386,1409,1503,1398,1398,1388,1433,1325,1381,1366
1548,1506,1749,1433,1361,1401,1416,1416,1367,1390
1439,1470,1459,1317,1552,1398,1417,1382,1524,1484
1353,1414,1345,1389,1445,1433,1432,1458,1402,1435
1469,1414,1461,1558,1402,1359,1374,1441,1735,1398
1435,1392,1437,1443,1485,1390,1416,2360,1519,1442
1386,1424,1434,1423,1394,1486,1435,1433,1435,1381
1511,1434,1493,1518,1456,1380,1397,1414,1422,1392
2457,1423,1417,1405,1431,1406,1394,1308,1420,1432
1466,1433,1487,1441,2466,1375,1430,1490,1486,1448
1383,1493,1438,1468,1425,1419,1453,1457,1442,1418
1411,1381,1431,1493,1440,1488,1418,1467,1416,1472
2308,1432,1411,1445,1378,1474,1502,1416,1400,1485
1418,1500,1402,1449,1446,1419,1450,1443,1354,1423
1477,1399,1460,1525,1454,1448,1401,1364,1485,1399
1466,1483,1403,1473,1413,1498,1439,1424,1442,2384
1424,1701,1596,1436,1431,1426,1441,1417,1424,1407
1499,1483,1424,1478,1361,1441,1387,1472,1509,1400
1378,1562,1468,1484,1580,1422,1495,1440,1507,1447
1413,1435,1436,1361,1376,2425,1392,1476,1399,1392
2422,1382,1494,1425,1395,1367,1432,1766,1425,1400
1493,1433,1393,1447,1469,1378,1391,1500,1349,1334
1449,1492,1415,1468,1424,1421,1366,1683,1349,1498
1436,1457,1432,1536,1434,1516,1374,1473,1369,1416
1455,1417,1408,1500,1423,1366,1376,1426,1386,1400
1458,1417,1386,1402,1426,1491,2268,1566,1435,1516
1407,1358,1447,1493,1398,1423,1437,1455,1401,1505
1401,1498,1390,1494,1408,1359,1375,1493,1348,1501
1381,1490,1426,1453,1474,1350,1416,1478,1349,1462
1416,1458,1361,1514,1411,1357,1383,1430,1375,1413
1408,1357,1580,1450,1372,1333,1399,1349,1424,1366
1399,1399,1377,1449,1353,1342,1399,1449,1385,1449
1433,1352,1421,1450,1544,1447,1391,1399,1378,1391
1425,1349,1336,1433,1387,1375,1394,1309,1470,1341
1379,1439,1421,1383,1410,1483,1544,1452,1711,1460
1569,1407,1437,1326,1487,1358,1509,2414,1485,1445
2328,1384,1485,1454,1464,1515,1452,1340,1468,1442
1445,1457,1433,1377,1411,1451,1450,1459,1399,1411
1378,1408,1457,1424,1464,1389,1439,1422,1416,1437
1444,1343,1352,1497,1498,1367,1402,1432,1457,1407
1476,1381,1441,1450,1391,1482,1380,1423,1469,1510
1353,1510,1391,1415,1416,1394,1758,1482,1419,1491
1421,1464,1349,1519,1467,1430,2440,1371,1476,1406
1395,1416,1423,1414,1398,2301,1417,1536,1401,1501
1423,1449,1433,1449,1769,1397,1427,1468,1358,2473
1432,1466,1409,1442,1385,1453,1422,1473,1394,1392
1411,1492,1383,1409,1413,1470,1361,1394,1454,1491
1464,1375,1381,1425,1444,1450,1446,1482,1408,1458
1471,1431,1407,2340,1405,1374,1749,1433,1457,1441
1360,1460,1425,1375,1352,1383,1407,8363,1411,1383
2368,1440,1416,1464,1405,1440,1416,1446,1456,1482
1770,1490,1444,1424,1415,1482,1425,1369,1442,1390
1433,1474,1421,1500,1390,1469,1407,1473,1414,1458
1416,2544,1408,1491,1424,1541,1400,1457,1450,1525
1407,1405,1417,1474,1400,1457,1416,1524,1449,1423
1400,1518,1415,1492,1416,1350,1433,1504,1416,1475
1416,1464,1401,1426,1434,1490,1402,1505,1449,1451
1459,1457,1414,1429,1415,1469,1587,1499,1433,1487
1431,1460,1435,1768,1374,1414,1418,1458,1407,1442
1426,1465,1497,1491,1416,1500,1740,1475,1395,1385
1399,1417,1416,1367,1449,1526,1432,1566,1376,1491
1438,1391,1408,1505,1428,1519,1426,1493,1527,1473
1510,1481,1417,1433,1438,1741,1409,1423,1400,1448
1409,1376,1432,1441,1451,1451,1419,2374,1416,1426
1457,1341,1408,1483,1448,1441,1494,1469,1459,1427
1440,1381,1488,2448,1394,1423,1394,1485,1406,1428
1433,1441,1486,1434,1396,1392,1478,1417,1375,1418
1416,1309,1441,1458,1355,1466,1386,1401,1366,1433
1444,1350,1409,1433,1461,1435,1406,1455,1382,1423
1419,1423,1415,2334,1410,1488,1391,1343,1425,1543
1519,1448,1424,1455,1525,1409,1403,1383,1442,1514
1424,1394,1399,1462,1438,1668,1429,1448,1449,1407
1466,1527,1458,1560,1451,1554,1391,1434,1493,1345
1474,1445,1424,1295,1394,1427,1708,1473,1444,1456
1458,1403,1411,1366,1520,1458,1502,1335,1460,1359
1395,1437,1554,1399,1403,1406,1435,1424,1434,1333
1413,1401,1401,1456,1372,1502,1486,1391,1374,1374
1457,1507,1431,1408,1344,1497,1416,1521,2285,1464
1376,1449,1400,1484,1444,1393,1413,1451,1404,1512
1431,1327,1362,1455,1466,1422,1469,1418,1444,1437
1392,1429,1403,1425,1336,1327,1384,1485,1402,1351
1440,1401,1425,1400,1444,1447,1358,1471,1429,1869
1384,1444,1417,1491,1437,1334,1361,1458,1382,1461
1369,1537,1375,1401,1423,1431,1460,1342,1390,1463
1536,1474,1481,1349,1467,1443,1434,1332,1344,1544
1520,1441,1426,1391,1393,1469,1385,1458,1377,1483
1446,1408,1422,1465,1439,1455,1380,1491,1478,1418
1458,1484,1392,1423,1473,1446,1450,1366,1499,1357
1467,1483,1719,1457,1495,1426,1428,1398,1524,1343
1448,1416,1422,1378,1520,1476,1501,1418,1424,1455
1416,1333,1436,1497,1450,1341,1477,1333,1433,1489
1458,1497,1495,2369,1436,1705,1384,1357,1442,1311
1420,1474,1427,1372,1430,1368,1448,1421,1442,1402
1438,1435,1498,1384,1400,1430,1425,1370,1440,1348
1431,1423,1390,1449,1345,1460,1416,1341,1407,1628
1386,1474,1391,1516,1454,1448,1399,1357,1394,1468
1456,1384,1417,1473,1361,1427,1424,1583,1406,1435
1403,1415,1428,1433,2332,1441,1433,1382,1731,1764
1461,1416,1463,1416,1561,1507,1469,1491,1466,1426
1400,1391,1447,1351,1370,1376,1443,1350,1392,1455
1432,1391,1371,1383,1398,1374,1387,1432,1420,1343
1425,1538,1411,1517,1382,1448,1440,1450,1561,1781
1453,1438,1425,1538,1415,1490,1410,1458,1386,1458
1441,1434,1433,1384,1391,1360,1465,1341,1385,1483
1818,1530,1361,1415,4406,1426,1407,1416,1494,1550
1502,1515,1437,1582,1370,1413,1432,1488,1433,1457
1496,1473,1458,1449,1414,1375,1416,1775,1458,1375
2460,1474,1441,1418,1398,1440,1426,1468,1391,1408
1403,1476,1418,1415,1419,1457,1402,1427,1402,1521
1571,1518,1394,1359,1423,1385,1504,1405,1368,1411
1449,1455,1409,1399,1422,1431,1416,1874,1744,1400
1433,1461,1460,1440,1400,1382,1416,1486,1491,1383
1443,1435,1424,1459,1392,1423,1416,1406,1426,1389
1431,1453,1441,1441,1399,1475,1499,1465,1456,1467
1444,1468,1421,1489,1403,1443,2336,1488,1451,1460
2317,1452,1461,1466,1428,1419,1421,1459,1415,1439
1453,1560,1425,1523,1441,1406,1461,1367,1519,1350
1475,1392,1453,4609,1500,1341,1421,1466,1488,1393
2515,1449,1431,1480,1433,1366,1442,1399,1416,1398
1433,1419,1831,1433,1416,1424,1517,1474,1374,1432
1434,1366,1459,1400,1469,1349,1397,1359,1375,1393
1423,1399,1439,1482,1379,1336,1416,1340,1774,1364
1424,1365,1458,1369,1437,1532,1400,1458,1383,1490
1433,1464,1466,1291,1429,1364,1408,1432,1443,1384
1408,1468,1449,1374,1401,1350,1410,1435,1422,1299
1441,1616,1433,1393,1427,1308,1414,1373,1402,1324
1432,1426,1441,1450,1413,1325,1402,1458,1386,1472
1446,1341,1468,1414,1416,1391,1488,1367,1468,1328
1553,1464,1457,1481,1418,1431,1377,1472,1375,1465
1394,1416,1423,1458,1414,1477,1381,1476,1433,1382
1415,1374,1466,1458,1428,1527,1470,1431,1435,1293
1419,1368,1404,1466,1382,1329,1437,1359,1414,1349
1563,1415,1455,1449,1465,1460,1378,1400,1411,2340
1411,1457,1349,1469,1404,1380,1395,1766,1529,1366
1421,1385,1395,1569,1401,1446,1437,1383,1382,1447
1361,1507,1469,1379,1456,1321,1396,1324,1416,1425
1486,1431,1361,1309,1361,1438,1352,1391,1400,1385
1416,1441,1446,1489,1396,1384,1396,1511,1377,1482
1416,1359,1384,1493,1370,1715,1391,1554,1393,1443
1424,1425,1415,1479,1421,1377,1399,1543,1486,1406
1466,1431,1377,1360,1368,1489,1358,1438,1451,1491
1443,1475,1386,1413,1422,1479,1407,1433,1426,1443
1408,1742,1595,1441,1451,1451,1425,1459,1455,1472
1364,1791,1369,1501,1386,1335,1399,1498,1424,1489
1416,1358,1384,1391,1411,1507,1408,1442,1433,1433
1428,1510,1443,1485,1400,1341,1424,1516,1374,1468
1454,1464,1462,1381,1404,1367,1425,1433,1416,1516
1441,1390,1393,1423,1420,1349,1466,1739,1425,1468
1416,1460,2306,1426,1417,1424,1491,1459,1407,1372
1409,1463,1411,1384,1606,1455,1774,1450,1425,1443
