1,2,3,3,4,5,6,7,8,9,10
637,708,675,675,818,521,833,562,858,893,638
816,743,817,817,834,843,827,832,813,819,770
721,828,820,820,808,919,826,811,821,861,844
831,787,824,824,730,819,820,824,821,778,794
840,713,815,815,810,834,813,816,829,824,850
776,795,813,813,808,810,820,822,814,823,917
835,834,829,829,842,822,828,816,801,821,804
819,816,819,819,752,815,811,821,834,811,768
815,758,812,812,789,812,825,819,713,814,874
821,782,820,820,807,819,815,817,736,819,808
918,816,823,823,827,833,834,824,805,819,829
744,820,919,919,816,807,804,812,817,825,809
821,752,818,818,823,819,842,723,819,815,940
787,787,824,824,804,922,790,815,814,830,816
820,812,825,825,1123,818,828,821,818,819,819
825,828,821,821,708,823,825,819,821,810,823
815,823,808,808,838,830,807,829,826,819,816
819,808,820,820,819,807,826,813,825,821,826
822,821,816,816,819,826,822,821,807,817,809
820,820,923,923,803,812,830,808,844,822,928
738,819,844,844,839,820,802,820,796,849,813
899,736,798,798,818,821,833,826,821,795,828
823,807,830,830,817,830,806,937,818,825,812
809,802,807,807,816,809,831,799,830,807,812
764,829,814,814,818,813,810,774,804,826,828
876,817,827,827,821,825,820,873,839,760,961
829,823,812,812,817,821,818,818,801,874,879
810,816,846,846,832,819,820,813,819,814,923
828,832,799,799,810,821,823,833,823,824,818
817,690,805,805,712,816,810,808,826,816,819
814,836,831,831,826,819,827,811,811,813,820
822,733,737,737,813,822,812,831,824,826,810
750,800,804,804,821,819,814,803,817,823,826
789,750,822,822,820,829,834,833,816,832,817
820,880,818,818,823,809,814,812,810,810,825
811,728,808,808,824,819,829,1136,829,807,815
820,821,821,821,811,816,814,814,822,820,827
819,818,830,830,1021,828,1104,823,835,1141,811
808,961,813,813,831,800,831,819,790,811,824
774,767,815,815,819,829,820,816,834,818,815
781,754,845,845,811,820,825,823,817,732,827
811,796,825,825,827,830,815,825,816,800,914
810,815,790,790,812,809,732,815,829,835,824
828,824,820,820,827,826,806,819,811,804,815
820,818,820,820,825,830,820,813,819,821,829
825,781,819,819,809,811,812,826,821,823,837
822,855,815,815,811,815,930,820,846,816,796
1012,752,822,822,821,817,819,819,791,819,919
822,792,815,815,820,820,821,915,821,819,818
811,815,821,821,821,849,819,822,814,826,921
827,818,818,818,827,1201,837,828,819,806,830
855,815,827,827,810,812,803,809,927,819,809
790,820,817,817,820,820,811,820,819,821,780
814,812,822,822,820,821,824,842,814,820,859
820,828,820,820,819,739,822,793,820,819,814
820,919,812,812,833,800,816,831,828,821,833
820,821,825,825,808,810,811,809,822,819,917
820,828,727,727,824,827,832,825,820,836,815
822,722,809,809,814,814,813,814,808,803,817
809,818,810,810,815,834,821,816,825,835,819
821,817,738,738,824,805,822,825,814,804,818
811,814,804,804,806,837,818,814,845,821,821
842,821,817,817,834,803,812,818,796,826,829
806,715,821,821,803,820,719,820,819,806,824
825,834,821,821,833,821,819,825,817,820,807
817,843,836,836,823,818,821,838,824,824,819
818,776,795,795,821,824,821,805,814,932,818
828,820,824,824,814,833,834,882,819,811,820
707,814,818,818,846,806,804,749,820,804,820
735,831,818,818,792,816,821,819,819,829,823
830,725,831,831,812,823,821,821,819,823,817
792,711,806,806,831,809,816,813,838,830,813
736,813,822,822,816,820,846,812,800,818,818
802,816,826,826,805,823,797,827,821,809,931
818,820,813,813,937,817,814,829,1020,1861,798
844,829,831,831,811,820,822,810,922,806,839
740,784,911,911,830,824,813,820,819,815,821
760,739,846,846,811,887,826,721,827,803,913
831,827,793,793,819,782,819,818,812,838,828
811,714,819,819,823,787,825,819,821,819,912
819,672,820,820,811,819,710,820,828,817,820
830,882,814,814,835,822,820,815,734,819,820
816,792,818,818,812,760,805,817,801,819,821
821,823,822,822,829,876,834,842,814,820,818
820,827,818,818,808,813,813,800,826,819,820
918,826,1029,1029,825,828,768,5640,835,823,928
838,806,830,830,810,819,871,809,793,810,813
809,820,809,809,819,1021,824,827,819,831,838
827,816,923,923,820,822,817,818,822,811,803
802,724,815,815,819,812,825,815,818,819,919
726,746,814,814,828,818,824,820,813,820,818
810,784,820,820,815,822,820,827,827,824,921
823,830,820,820,815,818,808,799,819,815,828
816,810,849,849,821,833,804,833,820,823,819
700,820,792,792,818,815,829,818,819,816,815
839,820,819,819,823,815,819,829,821,823,922
820,711,824,824,825,821,825,804,818,1009,816
812,822,815,815,733,827,818,820,814,758,824
824,825,830,830,791,807,816,927,825,807,815
824,812,809,809,850,726,820,835,814,801,828
813,827,822,822,791,767,821,799,821,820,813
843,812,821,821,819,759,820,819,819,715,920
790,821,809,809,824,824,818,825,825,820,819
833,827,820,820,823,815,825,815,833,818,819
812,815,822,822,811,820,801,819,810,819,820
741,818,820,820,823,820,835,820,824,823,814
788,819,820,820,843,829,821,832,806,817,826
931,824,817,817,795,809,817,807,816,819,818
819,728,824,824,811,820,817,738,821,822,823
804,802,816,816,828,814,819,802,817,818,812
829,818,820,820,820,819,827,818,821,815,809
747,820,819,819,1034,821,911,821,925,1025,830
773,824,820,820,809,829,820,813,819,829,826
739,823,821,821,818,810,820,819,814,812,814
743,1010,924,924,819,819,820,854,819,824,826
789,741,817,817,820,807,820,789,827,808,914
809,803,818,818,812,842,818,827,815,832,819
833,824,824,824,824,806,825,809,824,808,829
815,814,815,815,817,831,815,824,713,844,818
711,819,818,818,825,821,824,829,819,795,812
816,822,815,815,813,811,815,813,722,820,819
834,809,834,834,837,814,822,822,822,834,815
816,836,906,906,809,828,811,1024,737,805,819
921,806,823,823,815,820,827,812,998,820,820
815,817,817,817,818,919,813,820,815,819,821
819,822,825,825,829,813,830,834,820,822,819
824,818,725,725,1113,824,797,817,822,1120,825
822,824,813,813,820,837,838,808,815,820,813
814,819,815,815,824,796,813,809,829,821,821
824,765,822,822,816,819,829,820,1120,820,822
814,875,810,810,819,820,814,818,921,818,829
724,817,821,821,819,819,817,821,813,828,818
811,822,829,829,822,824,820,820,825,825,803
824,816,812,812,826,816,827,811,821,822,820
820,822,818,818,813,833,822,831,821,805,820
812,849,820,820,806,806,910,830,821,820,823
826,789,824,824,834,819,825,796,815,824,826
815,813,727,727,813,825,815,831,823,809,915
821,910,811,811,823,809,817,826,814,827,815
827,831,815,815,826,831,819,813,817,812,824
812,820,818,818,814,809,816,824,827,820,916
817,835,816,816,823,820,821,816,802,827,823
845,805,835,835,811,818,820,812,838,811,835
730,825,823,823,820,820,819,828,812,820,815
779,692,805,805,825,828,824,812,821,820,809
828,742,816,816,827,817,816,822,823,822,817
810,812,819,819,798,816,827,817,809,817,821
820,822,830,830,846,822,812,811,832,836,819
828,819,809,809,903,818,1021,849,1028,1117,838
815,816,824,824,820,823,1021,800,816,811,802
816,928,819,819,820,810,766,819,812,830,855
814,985,817,817,814,812,783,821,828,808,783
826,858,823,823,819,827,812,823,805,835,813
809,815,818,818,822,819,818,809,934,806,821
931,815,824,824,817,825,827,830,764,846,820
820,826,799,799,826,712,800,811,797,791,911
832,817,827,827,823,820,797,818,783,837,828
802,818,822,822,816,821,754,832,833,814,820
817,820,823,823,814,822,821,810,807,803,824
821,819,928,928,821,817,1121,817,829,831,824
927,831,807,807,818,814,819,831,818,819,812
812,816,836,836,826,824,825,810,813,811,811
821,1115,804,804,828,814,836,818,819,828,828
821,819,820,820,812,820,784,814,832,819,827
820,826,820,820,806,820,837,826,834,816,815
824,813,809,809,831,821,826,821,787,823,807
819,828,828,828,813,819,771,822,830,819,833
820,816,824,824,826,826,858,814,815,812,809
826,822,817,817,802,813,818,815,819,818,820
813,704,814,814,832,831,820,855,822,826,827
819,733,828,828,815,808,821,789,819,745,813
817,809,811,811,821,1136,804,816,819,792,824
819,832,812,812,829,810,839,820,812,819,830
812,752,828,828,810,826,833,820,820,818,796
825,771,833,833,823,809,797,823,816,820,829
829,821,799,799,822,821,830,816,742,826,823
808,843,928,928,807,824,729,819,814,808,817
817,717,821,821,851,817,700,830,805,830,819
821,792,826,826,789,817,770,803,732,806,819
822,818,812,812,921,820,761,820,814,830,826
783,829,822,822,818,818,721,843,734,794,817
854,716,818,818,821,828,809,798,798,838,815
807,723,1138,1138,830,806,825,817,823,812,815
831,836,795,795,810,821,715,830,812,832,832
948,794,827,827,828,819,818,810,821,799,814
730,818,823,823,1019,826,1030,821,1226,931,814
777,816,1440,1440,822,819,814,824,751,820,921
725,784,819,819,810,823,824,815,767,824,1127
812,857,810,810,820,813,829,835,738,818,832
822,825,820,820,823,826,814,805,819,816,811
808,812,819,819,818,815,737,822,750,817,809
826,807,819,819,833,823,787,822,716,820,827
831,834,820,820,805,807,810,814,779,934,813
808,829,833,833,820,831,821,827,821,807,820
821,1119,810,810,819,818,837,826,809,838,828
819,821,917,917,821,813,811,805,843,803,811
826,816,819,819,818,820,925,1027,851,818,922
806,815,821,821,845,819,815,810,726,820,819
820,823,819,819,789,920,820,827,866,818,819
817,817,821,821,819,821,820,813,823,821,750
824,822,827,827,829,819,823,817,833,813,890
810,827,810,810,814,834,817,822,815,828,820
827,809,815,815,817,809,920,822,804,812,826
1185,822,833,833,937,820,692,825,833,819,815
760,820,1116,1116,811,825,847,823,823,827,818
771,811,820,820,817,813,824,812,812,811,851
876,739,826,826,814,817,714,816,817,821,788
814,909,812,812,822,829,815,824,819,832,813
819,817,815,815,816,810,1126,819,814,810,822
821,814,828,828,822,815,717,816,733,818,823
818,820,810,810,826,823,736,820,829,825,814
812,915,819,819,813,815,823,813,796,824,832
843,863,834,834,829,819,801,833,821,802,809
803,782,818,818,813,1132,724,818,824,839,833
833,819,808,808,822,821,838,800,813,802,806
792,821,820,820,809,826,794,828,817,825,819
778,821,822,822,828,809,811,819,817,823,821
765,807,826,826,812,821,824,742,821,816,819
761,726,817,817,820,821,818,798,824,814,819
835,818,813,813,1139,811,716,820,805,821,916
760,830,824,824,808,835,834,811,833,818,825
838,807,819,819,823,808,814,831,830,831,822
759,820,829,829,1026,816,1027,810,811,813,918
747,827,801,801,812,1238,810,819,1027,816,826
797,815,830,830,824,834,808,826,815,819,829
855,741,810,810,818,807,840,823,826,824,810
807,905,808,808,834,816,808,810,811,828,817
789,736,832,832,809,712,818,842,809,801,810
876,781,818,818,812,815,820,802,827,820,820
735,832,822,822,819,820,820,832,834,832,820
787,773,818,818,816,838,688,809,811,807,828
829,863,824,824,828,801,746,818,839,822,811
809,827,1121,1121,811,821,816,820,802,818,820
821,811,809,809,819,828,821,1034,910,836,820
956,818,827,827,821,1011,759,1214,1008,805,806
785,822,836,836,820,822,782,820,833,816,779
817,820,803,803,819,819,810,819,820,827,876
734,821,864,864,823,819,826,830,834,847,805
797,835,767,767,824,819,730,802,805,785,825
829,795,834,834,812,822,908,820,819,816,822
817,824,821,821,819,817,828,820,923,845,817
730,817,816,816,821,840,731,1131,819,896,828
1116,825,823,823,814,802,788,821,828,823,812
814,818,811,811,831,822,832,816,819,819,834
824,824,816,816,818,811,809,828,812,816,815
1018,811,845,845,810,737,750,812,828,826,811
835,824,794,794,827,804,900,922,810,821,1133
810,816,824,824,816,809,812,818,834,812,916
817,819,817,817,819,826,820,814,799,822,819
818,822,819,819,818,821,815,824,822,828,831
821,826,820,820,826,807,820,820,822,811,811
816,804,821,821,811,833,820,834,815,818,811
826,827,818,818,820,819,819,817,825,827,820
748,813,820,820,821,827,820,805,820,816,821
730,823,829,829,819,820,820,738,714,810,818
771,720,837,837,812,823,812,809,813,829,931
834,824,799,799,820,801,826,817,820,812,812
805,806,809,809,850,825,826,805,821,831,818
830,839,825,825,790,818,694,829,827,808,819
753,811,812,812,1027,826,752,817,812,824,828
774,825,820,820,821,821,769,813,1022,816,914
829,808,822,822,824,803,743,821,828,817,826
802,726,817,817,813,828,823,819,822,828,818
826,1009,822,822,817,817,824,821,808,813,814
815,829,826,826,817,820,818,817,848,823,819
819,812,812,812,725,831,815,852,792,818,825
732,827,838,838,819,808,833,789,823,921,819
808,741,801,801,815,923,800,833,816,840,815
812,801,819,819,820,818,844,807,819,805,822
720,724,1024,1024,819,820,801,920,824,806,818
818,741,828,828,814,820,815,818,827,828,815
845,774,812,812,819,820,823,822,809,810,818
795,720,817,817,821,743,718,825,719,820,828
823,818,832,832,819,785,825,718,838,821,812
816,830,807,807,827,823,716,810,796,836,819
819,810,824,824,812,822,749,819,818,802,824
821,824,817,817,824,826,818,810,831,821,816
812,815,814,814,816,816,778,842,803,821,822
820,819,818,818,819,815,820,816,826,822,817
827,813,832,832,820,823,818,809,825,817,824
814,750,807,807,822,810,821,733,818,839,816
819,789,823,823,862,820,825,721,820,812,833
824,821,827,827,774,825,815,776,826,817,799
817,805,810,810,815,830,827,842,809,803,825
827,839,830,830,820,803,812,823,814,828,814
816,913,802,802,849,824,820,827,824,812,825
803,826,832,832,801,826,836,808,817,830,820
831,816,804,804,809,810,697,822,822,809,817
826,819,819,819,823,819,819,822,815,819,923
813,819,829,829,717,821,753,818,841,822,821
714,815,818,818,739,819,699,813,798,807,814
751,811,822,822,793,823,735,824,820,830,820
889,701,818,818,829,810,741,818,821,833,810
818,720,835,835,800,827,736,815,830,808,832
827,738,808,808,832,824,706,819,814,819,817
812,821,817,817,820,808,744,831,813,820,920
822,818,823,823,823,827,736,819,822,1743,822
818,824,817,817,1015,817,726,802,1021,812,818
750,806,817,817,822,821,740,827,824,823,925
782,840,816,816,822,815,814,820,817,813,828
812,711,818,818,816,720,685,819,817,819,908
822,817,822,822,823,730,815,824,742,827,820
828,817,818,818,715,803,819,816,790,814,824
720,820,819,819,828,816,818,815,820,831,815
814,817,820,820,805,822,821,818,881,812,819
838,703,824,824,828,819,833,824,759,820,788
796,834,1118,1118,811,819,809,1125,838,837,852
825,819,826,826,822,823,815,829,801,802,831
823,830,830,830,817,816,922,811,821,809,802
1019,814,812,812,829,820,820,821,819,892,818
816,817,886,886,814,822,823,817,821,759,824
818,816,743,743,824,831,819,819,818,801,818
813,819,827,827,913,806,815,822,813,827,920
827,822,821,821,832,825,818,812,825,822,821
819,830,814,814,821,809,917,935,821,822,818
823,804,820,820,806,828,826,806,818,820,824
919,825,820,820,823,913,814,824,817,816,816
827,815,918,918,825,831,829,825,840,823,821
810,827,831,831,811,807,810,809,799,826,929
942,812,806,806,819,820,820,821,833,808,809
800,836,820,820,1133,832,820,826,805,823,921
718,780,821,821,851,807,820,813,820,815,826
836,834,817,817,784,830,819,833,822,809,814
808,828,822,822,814,809,833,807,818,837,819
826,821,812,812,824,820,810,818,819,816,828
809,815,820,820,816,820,813,821,826,1025,826
820,737,818,818,824,819,816,822,815,820,809
703,799,829,829,815,814,819,816,819,824,815
832,817,801,801,814,821,830,722,821,824,833
711,711,840,840,820,819,813,812,811,816,801
826,753,749,749,820,820,817,820,820,807,829
844,783,781,781,834,819,826,826,1129,808,810
795,829,818,818,808,829,815,813,819,830,822
745,824,821,821,818,711,829,819,827,5943,823
793,818,834,834,920,829,814,823,918,817,769
837,819,791,791,818,809,815,821,830,720,866
703,820,839,839,819,823,920,814,808,821,829
773,766,808,808,832,820,823,842,828,820,911
742,877,819,819,809,810,817,794,811,810,819
834,1011,830,830,819,820,821,825,811,821,824
713,824,819,819,821,834,812,821,821,818,819
825,818,812,812,819,805,820,824,827,820,820
819,748,820,820,819,819,820,807,912,835,818
818,875,919,919,931,824,822,1033,819,809,811
822,1152,828,828,809,816,817,824,819,815,819
823,806,812,812,825,821,922,804,822,840,822
811,820,819,819,816,951,818,823,819,824,851
2052,830,814,814,1123,789,819,816,821,795,901
812,821,839,839,818,818,1134,832,827,819,807
824,813,807,807,832,823,819,808,811,814,821
815,813,922,922,808,818,816,819,822,829,813
921,822,818,818,819,823,829,822,823,815,830
821,825,835,835,818,815,810,835,816,815,804
826,814,807,807,822,814,815,803,824,826,833
812,822,813,813,821,822,825,826,816,825,819
821,818,822,822,855,830,821,813,819,813,818
819,823,820,820,781,807,812,827,811,844,820
816,809,816,816,815,834,821,809,818,793,813
824,820,926,926,822,806,824,821,824,826,836
812,820,813,813,817,824,814,816,819,812,805
827,822,824,824,819,815,831,819,818,820,818
807,833,1127,1127,812,821,811,833,824,921,840
837,837,817,817,830,818,817,716,816,818,800
671,786,819,819,822,820,806,801,819,821,829
788,818,820,820,817,819,833,829,819,823,815
796,820,831,831,820,822,827,839,829,827,821
815,735,804,804,834,813,814,799,804,807,820
808,754,818,818,804,823,813,813,1134,812,813
773,766,819,819,817,810,825,1132,817,823,827
766,826,735,735,823,848,818,820,819,833,819
823,810,817,817,813,802,763,817,831,1009,818
815,834,823,823,1128,816,776,831,1008,818,816
756,717,811,811,820,818,731,810,833,840,905
786,810,814,814,820,820,1013,819,813,806,1138
813,813,818,818,820,824,804,821,814,812,818
835,820,813,813,824,823,842,818,825,857,820
775,922,821,821,817,811,804,813,849,783,831
849,813,837,837,818,817,823,1149,787,821,814
817,820,802,802,1114,830,829,793,806,826,814
823,720,808,808,826,797,824,1035,842,812,807
818,808,1548,1548,821,829,797,917,804,821,833
831,831,748,748,830,821,822,816,819,827,810
801,825,708,708,815,818,819,819,837,805,836
1055,814,821,821,808,1023,818,840,802,824,915
1715,820,796,796,827,819,840,790,820,823,819
837,723,1135,1135,831,821,812,831,829,929,821
801,811,806,806,764,833,808,822,815,813,817
832,821,820,820,765,811,821,823,815,833,829
808,823,825,825,813,813,823,813,829,797,815
819,818,854,854,818,825,820,821,837,840,816
819,815,781,781,825,846,814,822,899,801,813
835,817,825,825,825,889,815,816,830,814,822
806,736,815,815,750,829,818,816,806,833,823
830,803,825,825,772,779,809,818,835,812,916
811,815,813,813,820,1160,838,825,804,818,931
807,820,923,923,842,814,813,813,819,821,810
831,824,818,818,795,819,839,828,827,838,818
812,819,825,825,821,829,803,812,814,809,813
1687,816,816,816,821,810,818,825,811,805,827
764,819,818,818,819,825,806,815,820,830,820
830,822,810,810,821,815,725,819,838,812,820
866,824,833,833,807,834,820,821,803,835,821
771,813,810,810,831,807,823,818,818,803,820
825,734,823,823,1125,819,826,820,823,819,818
816,798,816,816,830,805,816,820,817,820,823
722,825,824,824,818,839,821,813,821,825,812
706,809,815,815,814,822,818,927,827,826,752
828,827,734,734,814,815,813,823,811,1009,886
818,836,806,806,948,812,840,810,1026,826,838
815,749,820,820,798,819,801,821,821,878,801
830,775,819,819,824,820,920,846,814,753,818
727,811,812,812,809,1121,819,794,820,813,822
796,820,820,820,824,835,820,818,835,846,818
818,820,824,824,816,921,821,834,804,811,825
820,920,816,816,819,811,828,805,822,817,814
822,821,821,821,820,820,815,832,802,706,826
819,701,818,818,831,833,815,909,823,820,814
823,707,1023,1023,803,814,819,825,828,820,820
816,741,780,780,826,843,814,823,828,846,813
819,831,866,866,809,990,823,1136,809,795,833
923,817,813,813,833,824,825,796,819,818,811
817,821,820,820,814,829,812,821,821,812,821
820,817,810,810,825,810,821,821,820,828,814
819,813,835,835,810,822,819,827,820,819,717
821,824,817,817,822,815,818,911,829,833,821
836,819,819,819,824,826,825,822,812,807,823
808,818,816,816,814,806,818,822,810,820,811
810,817,820,820,825,819,816,815,832,821,823
819,825,820,820,814,820,822,823,807,812,816
823,821,929,929,820,850,826,818,821,840,820
815,807,812,812,844,815,913,832,824,792,833
822,829,821,821,788,794,826,825,825,829,807
827,812,818,818,820,820,806,805,814,819,819
811,813,816,816,831,821,761,817,816,824,821
1160,1136,817,817,809,829,880,826,821,819,813
736,817,819,819,820,815,818,813,828,814,825
866,853,820,820,819,813,825,813,809,821,813
825,793,842,842,820,822,816,830,832,723,842
920,761,808,808,823,818,823,813,809,811,804
814,885,816,816,817,818,815,816,811,831,821
829,742,813,813,826,834,824,835,828,814,813
807,796,822,822,799,802,817,806,821,814,820
823,803,819,819,834,830,823,835,813,818,819
828,834,825,825,813,809,817,804,818,829,827
802,805,798,798,820,821,812,819,824,1632,812
833,818,836,836,1029,739,825,820,916,736,813
816,745,820,820,818,808,822,819,820,909,826
741,896,812,812,820,809,1020,823,729,875,820
796,825,826,826,841,814,820,830,823,767,820
815,807,926,926,793,823,820,805,813,820,831
821,731,815,815,823,821,813,814,822,802,813
819,1116,811,811,821,815,809,826,816,825,867
821,764,821,821,814,828,833,815,815,814,868
822,878,820,820,833,812,1127,1037,824,821,748
822,825,1030,1030,808,819,818,809,821,810,888
817,806,821,821,822,810,820,821,817,769,834
825,821,810,810,816,1032,821,812,810,771,804
912,819,824,824,822,819,825,821,820,822,1128
819,824,813,813,818,831,801,818,819,819,822
820,817,822,822,825,810,837,825,822,819,716
820,823,824,824,814,823,808,816,827,822,820
821,847,827,827,814,823,839,833,824,821,823
826,787,806,806,819,835,801,806,816,816,817
805,813,821,821,819,807,824,1121,806,822,814
826,828,825,825,821,809,817,1031,823,818,823
814,818,916,916,820,736,824,2153,821,825,816
828,813,819,819,818,802,813,1838,820,826,829
833,813,835,835,823,808,821,1138,814,815,799
713,737,906,906,748,825,823,1834,824,813,830
809,802,834,834,895,852,801,817,852,821,824
819,826,805,805,819,788,844,819,783,821,816
797,827,819,819,815,820,726,821,819,817,824
772,815,823,823,819,819,796,820,824,815,820
879,711,821,821,823,822,822,829,818,819,813
831,819,813,813,806,817,818,812,817,824,829
810,821,817,817,824,820,820,817,819,818,806
819,921,818,818,824,814,821,824,823,736,819
737,756,822,822,829,820,820,815,822,911,938
804,781,822,822,812,823,825,825,759,811,804
762,824,920,920,823,817,922,816,767,816,819
776,816,815,815,811,818,837,816,725,821,927
918,822,830,830,823,826,796,808,1117,1224,814
832,817,816,816,917,817,823,828,829,827,830
806,824,815,815,820,817,715,820,811,854,808
756,723,829,829,820,825,816,827,820,783,820
779,809,815,815,828,817,817,1020,821,820,821
812,819,815,815,811,817,819,812,746,814,820
832,806,822,822,822,825,821,829,905,830,820
820,801,817,817,822,804,825,837,723,810,818
818,859,813,813,809,824,814,794,845,825,821
815,813,826,826,823,838,919,830,778,820,818
830,809,1126,1126,823,857,819,809,816,817,920
805,838,817,817,812,763,821,819,845,830,844
819,808,824,824,822,1030,820,815,790,912,797
1128,823,815,815,827,820,821,830,820,815,824
819,813,820,820,815,831,819,820,821,828,823
725,822,821,821,815,800,820,817,820,814,805
814,815,821,821,815,730,826,812,723,817,817
820,824,815,815,825,818,804,819,826,812,824
813,816,824,824,819,1124,825,857,808,821,823
821,828,819,819,830,809,824,783,813,819,815
818,811,817,817,804,828,812,718,827,834,830
825,734,810,810,819,1133,829,822,820,1117,810
815,804,825,825,822,818,817,819,811,824,821
916,815,819,819,817,814,812,822,832,818,819
824,818,820,820,821,815,822,816,811,826,819
804,828,820,820,832,819,709,821,819,802,820
836,808,819,819,799,828,822,730,818,827,829
731,827,820,820,837,812,838,802,819,822,796
715,817,827,827,829,822,803,820,824,815,828
734,850,811,811,801,811,817,818,823,823,820
794,694,826,826,820,826,828,820,698,816,918
820,1037,823,823,832,813,812,820,823,837,821
815,793,806,806,808,821,824,821,825,800,833
820,747,819,819,823,818,827,846,825,828,906
755,801,821,821,816,822,808,793,832,811,911
717,816,818,818,813,829,824,812,808,818,843
897,813,1134,1134,820,810,1222,823,814,821,807
894,829,825,825,808,822,826,816,820,2218,824
844,810,810,810,831,817,833,824,818,753,923
796,823,809,809,824,819,801,827,1021,825,813
768,705,837,837,816,822,827,811,711,1132,835
779,830,810,810,819,817,809,1126,863,811,804
824,819,817,817,830,813,832,829,785,811,820
816,811,828,828,811,812,927,804,813,840,830
818,1742,811,811,824,834,812,821,829,801,811
834,820,841,841,815,820,808,827,811,768,831
802,814,803,803,817,815,820,816,832,755,809
817,828,1017,1017,823,793,820,823,810,828,819
812,825,820,820,839,733,821,821,818,826,820
837,815,826,826,797,1048,826,811,827,820,818
740,837,816,816,819,813,812,819,813,813,820
1101,807,815,815,815,827,820,847,817,836,813
814,824,818,818,821,815,822,794,823,804,822
817,814,824,824,825,820,817,824,818,819,931
820,1123,817,817,813,804,814,828,834,820,929
824,821,824,824,821,829,820,808,807,817,907
831,834,817,817,821,820,820,819,820,825,814
804,800,1122,1122,818,811,818,824,822,842,825
821,820,822,822,814,720,820,812,817,811,1333
825,818,817,817,839,818,821,820,812,804,818
800,819,831,831,801,828,820,821,821,813,819
837,820,808,808,819,813,819,815,817,826,819
823,831,820,820,820,820,824,820,816,823,820
812,762,825,825,823,825,1110,818,733,810,813
726,868,844,844,816,816,831,821,811,821,823
802,822,794,794,929,927,823,819,819,818,830
825,820,917,917,814,811,812,819,816,813,1116
855,816,820,820,823,821,826,821,822,836,819
796,750,820,820,814,820,815,812,823,813,820
812,726,1131,1131,824,820,829,859,813,820,819
754,879,821,821,816,815,812,807,818,822,822
885,817,805,805,821,830,824,794,829,807,813
821,828,827,827,827,807,804,823,821,820,827
807,810,828,828,824,820,834,817,809,840,816
821,815,813,813,799,819,808,819,820,2755,819
820,925,816,816,1130,819,826,819,820,1124,815
818,826,821,821,819,810,820,841,930,819,814
741,814,816,816,820,845,920,800,810,825,830
808,820,815,815,819,1114,813,1030,822,797,926
1123,831,837,837,821,817,830,811,817,840,815
822,811,803,803,820,816,811,821,825,810,816
1089,787,819,819,828,819,913,823,726,819,832
848,743,817,817,810,859,826,825,811,820,807
819,820,1030,1030,820,765,820,810,766,825,819
807,820,728,728,815,843,821,810,1084,820,825
831,822,816,816,818,808,820,836,796,814,814
822,839,809,809,824,920,818,813,1143,820,713
819,803,819,819,815,820,817,818,712,812,835
922,814,822,822,858,1034,833,826,829,821,815
818,818,820,820,789,818,810,815,809,848,910
806,821,818,818,825,812,824,812,825,799,832
847,814,832,832,812,816,1119,822,813,816,807
800,819,809,809,816,826,823,819,839,818,822
769,826,821,821,820,814,815,821,795,836,836
1080,712,811,811,819,822,819,819,833,805,794
821,821,818,818,807,837,826,725,807,817,832
817,818,821,821,833,801,816,812,822,819,816
820,821,819,819,830,820,819,824,832,819,819
1121,838,818,818,801,825,819,916,805,819,806
825,804,821,821,821,814,819,822,818,820,832
717,803,823,823,721,823,826,821,822,814,816
819,862,817,817,819,821,817,810,819,820,834
817,787,828,828,818,829,809,825,821,819,1220
922,824,815,815,820,1113,822,829,833,819,813
818,817,807,807,820,815,819,806,1110,822,821
820,763,834,834,814,827,927,819,1128,829,918
825,780,811,811,819,819,821,831,833,808,823
749,813,815,815,836,831,815,808,809,820,820
782,818,833,833,803,764,825,820,817,815,827
816,819,808,808,830,754,758,821,827,826,815
813,813,820,820,809,826,873,822,918,823,815
816,832,826,826,821,809,819,816,817,1124,808
805,836,821,821,1020,823,821,824,918,920,903
845,695,813,813,831,719,1027,809,829,833,748
822,829,830,830,814,817,813,832,802,801,820
818,796,802,802,1130,820,839,1016,838,819,804
825,823,826,826,817,814,805,824,812,752,794
807,827,898,898,1118,824,815,809,820,790,870
821,711,746,746,825,815,826,821,808,835,812
819,930,808,808,826,819,821,827,839,804,803
819,810,1029,1029,810,845,813,821,802,883,830
825,829,822,822,821,786,826,814,819,854,808
735,808,816,816,819,828,812,1124,820,814,831
799,838,821,821,817,1756,820,825,822,821,828
823,806,831,831,819,812,823,827,820,849,813
797,823,802,802,836,813,827,808,811,791,817
841,827,824,824,804,839,807,821,840,823,923
812,796,816,816,820,799,833,811,831,815,818
926,821,820,820,745,828,812,821,795,843,825
813,836,823,823,883,805,810,831,812,796,814
823,718,827,827,835,820,825,808,828,835,938
825,754,809,809,812,825,826,829,816,809,803
811,775,823,823,819,827,810,810,822,824,925
831,828,817,817,729,808,826,741,819,811,815
809,810,818,818,771,819,812,798,819,819,819
838,822,819,819,750,819,833,854,815,761,823
802,819,824,824,837,821,807,787,822,772,937
726,720,825,825,821,819,822,818,836,820,800
805,822,804,804,802,820,810,813,794,821,922
859,810,930,930,817,832,822,813,815,820,828
771,823,817,817,827,808,729,826,835,819,811
829,763,820,820,814,819,810,827,818,822,811
820,713,817,817,820,820,820,856,812,820,830
823,746,816,816,821,821,829,776,824,818,818
772,751,858,858,819,807,809,830,817,811,815
865,813,786,786,820,837,824,810,817,834,820
819,833,822,822,818,807,821,849,821,814,817
818,826,823,823,828,825,715,811,819,822,824
822,770,752,752,807,832,811,808,821,1326,823
822,752,877,877,1029,802,819,814,910,819,1022
816,817,820,820,817,820,1022,813,825,819,711
839,821,819,819,819,823,819,828,821,815,719
797,825,824,824,826,818,836,1022,824,839,744
819,795,810,810,814,818,812,827,811,802,789
827,835,826,826,819,821,829,810,827,818,820
823,821,813,813,816,809,802,811,813,822,828
821,710,826,826,818,823,821,820,828,819,911
807,928,1022,1022,732,819,818,820,811,825,820
819,714,713,713,807,829,825,813,822,826,828
825,825,719,719,820,814,815,719,818,808,816
818,814,829,829,825,922,820,816,824,819,817
825,837,813,813,797,815,821,829,815,813,825
1832,808,817,817,842,824,812,815,827,828,818
823,810,825,825,815,816,831,824,814,811,803
817,819,815,815,814,835,819,822,819,822,735
820,819,924,924,818,807,1123,734,820,817,708
810,820,839,839,824,825,814,797,821,827,719
832,822,730,730,839,811,820,762,818,923,916
821,817,779,779,802,821,823,770,822,821,724
734,821,823,823,814,820,825,830,811,910,711
899,818,815,815,821,830,829,822,839,819,719
751,814,822,822,722,802,802,806,800,826,808
750,827,830,830,846,822,822,818,818,816,832
738,834,810,810,790,817,820,830,829,818,830
846,799,818,818,827,726,819,812,814,820,711
808,824,820,820,805,813,816,819,825,820,919
920,819,823,823,821,820,818,825,1023,827,819
736,815,816,816,811,841,817,814,814,812,819
800,824,820,820,828,799,819,820,819,820,1852
817,817,814,814,819,824,822,823,836,806,713
740,730,821,821,823,816,819,818,805,817,709
801,790,810,810,816,816,824,830,827,830,726
816,836,835,835,821,814,823,809,811,819,816
824,815,816,816,825,830,822,912,817,821,711
804,819,816,816,796,814,816,831,821,1639,725
747,818,834,834,840,823,810,829,820,864,828
808,801,806,806,920,813,816,809,1059,780,806
812,830,820,820,820,829,1030,820,789,825,815
829,839,819,819,841,812,820,821,814,750,690
807,810,819,819,797,742,817,1018,818,780,843
824,924,834,834,842,796,813,921,819,812,819
818,820,718,718,789,812,819,822,819,828,821
820,824,823,823,832,821,831,819,825,818,927
817,727,796,796,812,820,814,823,820,813,812
825,906,828,828,849,822,826,815,816,819,820
809,820,913,913,797,829,810,819,818,828,820
823,1125,821,821,821,811,823,921,817,813,720
825,814,821,821,813,1020,1125,819,820,813,820
823,830,817,817,817,822,822,834,825,830,719
813,813,821,821,817,846,811,806,823,821,711
1513,818,820,820,823,790,840,820,815,805,730
832,820,822,822,818,831,800,818,802,825,713
830,813,816,816,820,807,914,814,832,832,819
810,828,814,814,813,820,828,824,818,810,816
820,820,834,834,828,820,826,826,828,823,737
822,811,804,804,825,820,825,815,826,816,646
817,819,833,833,805,819,807,816,799,819,758
824,825,807,807,821,819,819,823,739,820,682
811,817,928,928,820,826,809,815,726,832,758
777,830,814,814,821,825,830,827,794,806,813
871,815,830,830,830,819,820,814,817,820,840
817,814,809,809,807,803,820,819,822,835,805
820,823,820,820,826,826,819,820,820,810,715
823,821,818,818,823,813,819,811,820,812,832
871,817,809,809,813,830,820,820,819,824,805
763,824,831,831,818,818,815,858,815,1121,813
756,798,831,831,819,813,823,783,831,820,834
785,747,809,809,815,822,828,835,833,819,814
823,799,736,736,817,816,808,804,800,822,814
808,820,796,796,821,820,827,819,814,820,812
816,820,824,824,820,831,813,827,819,837,840
827,830,815,815,819,812,817,815,818,1010,807
816,812,831,831,821,809,821,821,821,812,824
826,731,808,808,919,821,829,1127,929,824,804
816,764,822,822,825,820,1019,823,813,821,973
818,852,818,818,817,824,821,819,818,813,778
820,829,841,841,817,825,815,1010,812,822,830
815,819,767,767,826,816,816,826,828,820,807
818,858,855,855,818,819,811,813,820,812,838
829,748,813,813,818,808,838,821,822,826,802
809,746,816,816,811,825,811,824,917,815,827
822,1945,832,832,823,820,819,815,820,875,808
828,815,1025,1025,817,833,810,825,823,768,802
814,845,821,821,839,809,832,813,818,817,812
815,795,816,816,800,815,1126,814,834,821,858
821,825,805,805,823,815,820,829,807,816,760
825,814,822,822,816,822,819,827,816,819,1149
807,824,820,820,824,822,817,814,818,825,700
825,821,818,818,834,816,917,816,815,818,803
710,710,827,827,800,822,820,819,820,817,780
824,831,734,734,901,857,826,815,822,825,745
831,686,820,820,739,881,815,820,829,830,756
808,838,804,804,820,820,818,828,809,805,794
825,822,809,809,829,829,731,814,820,812,702
815,821,815,815,810,817,802,817,813,821,774
829,806,827,827,814,822,824,819,819,818,766
785,831,814,814,820,815,828,820,826,820,790
746,814,847,847,821,837,817,818,826,820,811
812,826,794,794,821,798,810,838,808,819,824
836,813,832,832,818,821,819,802,820,719,818
803,820,811,811,823,812,820,819,819,813,721
831,844,817,817,821,825,824,827,822,851,825
802,787,838,838,823,821,720,809,827,786,807
697,841,799,799,812,817,818,818,814,819,820
833,806,828,828,812,820,811,770,817,820,821
940,826,805,805,826,816,823,768,919,822,935
813,813,823,823,819,820,817,820,1022,918,804
820,831,817,817,814,828,819,823,819,828,820
829,816,833,833,824,804,735,818,892,1221,919
813,827,815,815,827,826,779,819,747,813,822
806,907,820,820,1005,823,847,826,1028,819,824
831,819,815,815,842,816,916,813,813,829,814
819,805,820,820,809,814,820,824,827,824,815
818,847,815,815,816,826,820,1019,814,826,795
817,809,823,823,809,814,825,828,820,810,855
821,720,816,816,839,823,827,810,819,811,815
819,810,821,821,808,816,822,818,819,819,839
731,822,819,819,821,819,798,821,829,1226,798
816,822,820,820,821,823,821,813,815,918,714
806,829,1022,1022,823,807,825,822,809,834,821
820,808,819,819,813,835,812,847,829,811,821
718,819,819,819,820,1016,736,791,811,820,824
718,819,823,823,823,823,823,827,849,833,822
814,820,817,817,816,817,816,822,789,828,911
829,834,820,820,732,819,813,810,814,787,824
935,799,813,813,800,829,796,821,826,840,817
815,821,831,831,821,931,831,807,811,817,820
803,818,821,821,821,803,819,938,834,813,910
1135,733,808,808,827,821,826,813,806,722,821
816,780,821,821,810,815,812,838,834,811,817
825,855,807,807,726,821,824,713,816,820,830
809,809,843,843,812,830,816,713,811,830,818
851,743,802,802,815,823,823,808,819,808,835
676,791,825,825,827,809,816,824,832,827,814
888,821,821,821,823,1123,843,815,808,818,811
754,817,819,819,809,823,795,820,920,815,818
815,730,820,820,815,719,818,824,820,719,816
828,771,819,819,825,830,822,852,839,832,825
822,755,809,809,824,809,814,782,801,820,750
818,809,825,825,815,805,819,812,830,800,883
719,728,818,818,830,835,830,820,809,820,820
821,750,737,737,809,814,810,834,825,819,827
810,784,808,808,837,816,825,815,815,821,813
811,827,815,815,795,829,825,816,827,822,820
821,808,832,832,822,836,809,816,812,817,922
821,832,806,806,818,793,820,820,830,1159,818
827,714,827,827,829,824,830,817,793,783,830
822,811,806,806,1019,817,808,822,1039,824,814
820,821,823,823,820,818,921,833,822,823,916
821,825,817,817,812,855,825,805,819,828,760
816,826,835,835,826,782,815,924,819,805,881
818,810,808,808,818,820,819,817,829,822,818
826,818,816,816,816,711,822,820,808,822,808
825,706,821,821,821,820,817,812,833,814,844
802,835,819,819,820,824,814,829,814,821,805
821,824,819,819,1133,815,851,811,813,827,827
818,911,1047,1047,814,809,788,822,815,819,917
821,826,795,795,844,833,821,817,835,826,811
836,834,820,820,790,921,821,820,821,806,821
811,797,811,811,819,818,820,1129,802,820,820
812,920,827,827,1230,823,822,819,819,811,820
820,820,828,828,819,835,816,834,819,840,954
920,818,824,824,821,803,821,807,822,823,790
823,827,794,794,821,821,828,822,820,716,815
817,812,826,826,818,818,802,815,831,805,819
820,769,829,829,819,817,830,825,799,815,821
708,882,815,815,820,815,812,810,821,829,832
822,809,818,818,819,818,819,833,828,773,706
812,718,826,826,836,822,819,818,819,862,927
830,738,811,811,821,824,819,808,825,808,819
727,1059,824,824,797,816,822,826,814,753,819
711,865,816,816,824,818,819,814,813,799,818
823,783,819,819,815,820,828,819,813,807,829
830,851,832,832,819,826,811,819,827,852,804
798,818,913,913,826,814,832,824,820,791,819
734,811,815,815,823,818,806,917,835,819,811
755,829,822,822,811,822,825,819,804,829,828
757,762,919,919,820,818,809,819,824,811,819
822,769,820,820,824,813,828,823,809,818,829
821,827,824,824,829,841,811,818,830,811,809
813,905,822,822,805,800,840,820,815,837,826
835,836,813,813,827,819,814,819,878,809,806
819,819,822,822,807,824,807,816,1066,1325,931
713,743,817,817,828,814,838,822,823,823,806
823,761,817,817,920,1021,800,819,1526,826,831
770,748,816,816,813,828,1438,815,813,811,819
866,720,969,969,819,815,923,834,829,819,925
819,729,778,778,836,817,817,908,827,823,916
788,723,842,842,810,811,814,818,811,815,821
852,809,791,791,813,834,829,820,819,812,824
820,814,930,930,805,815,811,821,827,830,820
755,819,1122,1122,836,819,825,823,813,820,823
765,822,919,919,822,822,819,828,821,811,809
838,915,818,818,834,818,818,830,849,822,821
815,820,821,821,802,822,818,798,783,823,814
817,824,824,824,818,1939,826,818,818,814,820
720,814,815,815,820,824,811,822,819,821,927
812,822,819,819,823,827,824,811,821,833,823
821,819,823,823,811,809,828,848,823,809,715
821,810,820,820,820,819,807,811,817,816,819
921,827,816,816,818,820,818,801,832,812,813
823,814,822,822,824,818,819,824,718,828,708
814,818,812,812,822,821,845,820,816,819,934
852,829,833,833,814,829,786,815,812,832,718
788,753,908,908,821,810,824,848,830,807,818
807,778,823,823,830,836,821,792,803,813,735
841,820,834,834,1124,798,820,821,725,821,801
687,812,1110,1110,806,820,819,824,814,851,818
763,824,828,828,843,825,821,816,819,894,820
896,825,816,816,801,825,829,829,821,830,724
821,816,816,816,819,810,814,950,820,815,919
815,814,824,824,824,821,814,780,928,919,816
823,820,815,815,812,811,820,812,812,818,821
792,833,709,709,823,830,814,820,831,813,817
743,709,737,737,817,817,820,820,809,928,928
829,790,810,810,819,834,830,837,827,831,806
811,839,741,741,820,822,812,803,810,807,810
822,820,809,809,834,795,816,701,723,814,831
837,820,803,803,806,812,825,827,817,811,826
794,823,813,813,831,827,816,829,821,1043,811
744,817,822,822,909,820,818,825,812,813,830
800,828,817,817,819,896,829,810,927,813,820
818,731,832,832,821,849,1013,832,805,828,811
815,800,808,808,824,820,819,1106,830,812,811
832,810,820,820,808,838,807,1043,826,819,831
811,821,819,819,821,796,835,814,811,828,816
818,820,860,860,819,825,818,813,820,821,831
818,735,781,781,825,821,831,826,819,812,911
822,844,836,836,814,813,801,815,820,818,823
817,804,903,903,840,820,1322,831,831,823,824
820,795,825,825,796,821,840,811,812,816,706
816,829,814,814,823,818,816,820,817,821,726
818,712,820,820,824,1225,811,814,829,818,811
822,812,819,819,815,831,830,811,798,815,1120
824,819,824,824,823,817,824,842,831,821,822
820,824,817,817,827,809,806,807,815,817,814
743,815,813,813,814,824,822,830,826,831,836
786,821,827,827,817,816,821,802,813,809,707
816,808,827,827,812,826,918,821,820,821,808
820,831,834,834,819,823,823,822,825,819,834
821,781,801,801,829,804,815,819,824,824,818
828,719,810,810,840,830,820,828,812,815,820
810,756,820,820,792,822,821,817,818,835,837
820,814,819,819,818,814,819,812,812,804,797
792,827,819,819,825,813,886,816,819,820,817
758,814,820,820,814,825,746,834,820,885,828
807,837,825,825,827,815,831,811,830,755,813
824,801,813,813,815,824,814,818,814,813,818
819,824,816,816,819,815,816,817,815,831,827
810,816,818,818,812,825,807,825,817,807,724
822,825,827,827,825,815,832,816,824,821,813
823,814,812,812,815,835,819,821,819,812,918
742,739,831,831,819,804,819,821,830,828,817
805,735,810,810,829,721,819,811,880,825,823
812,878,821,821,813,811,831,821,752,827,1230
810,834,819,819,807,821,811,926,835,800,828
819,807,832,832,832,819,818,815,806,1236,807
736,818,806,806,823,830,920,829,815,823,815
811,821,898,898,826,810,926,816,1134,831,820
819,701,735,735,825,911,815,803,811,803,819
811,728,826,826,799,828,822,829,816,814,822
820,826,813,813,823,829,825,1022,820,942,828
821,815,822,822,814,812,812,923,838,808,710
817,815,818,818,819,820,829,827,803,813,720
817,823,828,828,820,823,810,817,830,836,814
746,821,817,817,829,804,824,812,810,796,715
789,819,1229,1229,814,838,810,822,821,826,826
820,842,815,815,819,821,818,819,798,811,825
826,791,926,926,821,819,821,820,843,828,711
821,1131,814,814,820,923,819,832,809,824,713
761,817,822,822,1119,815,821,809,821,817,824
774,821,817,817,819,814,823,822,820,824,817
809,819,820,820,820,823,815,817,817,816,814
821,825,820,820,770,809,823,807,840,811,708
822,815,814,814,876,821,817,824,707,850,1130
817,1121,829,829,814,829,823,832,805,784,822
1129,730,1128,1128,760,810,819,816,835,850,822
825,717,818,818,777,819,1119,745,805,796,818
915,822,693,693,828,812,829,886,821,818,830
822,715,837,837,805,829,817,822,824,818,814
803,813,821,821,834,826,815,816,813,833,714
752,814,813,813,806,825,819,832,828,809,928
780,823,832,832,825,710,824,956,819,821,816
838,818,812,812,818,815,815,774,815,829,825
1127,725,1124,1124,818,1871,823,819,820,809,805
818,811,819,819,820,794,819,815,824,808,720
839,812,821,821,833,813,818,825,815,836,819
731,831,819,819,804,834,820,826,823,851,819
785,729,833,833,819,808,812,816,826,777,820
816,745,810,810,820,846,1129,816,802,823,830
828,771,816,816,834,789,822,826,830,820,814
812,818,818,818,806,818,817,807,815,820,816
826,828,817,817,820,872,820,829,814,831,824
818,820,831,831,826,776,830,818,821,1007,707
715,805,816,816,807,813,912,820,830,820,828
818,935,811,811,819,835,832,801,913,819,912
814,757,819,819,844,1386,807,828,818,819,929
821,777,820,820,796,849,713,822,1225,825,806
820,826,722,722,820,823,824,922,733,816,840
818,806,809,809,823,816,833,829,791,819,805
819,824,832,832,820,819,805,804,728,820,818
821,829,808,808,823,821,822,825,813,822,827
819,824,821,821,814,821,815,819,840,817,815
827,809,1027,1027,822,818,818,829,807,912,821
815,830,807,807,809,1025,819,807,735,828,831
828,820,739,739,927,825,833,833,797,819,806
802,811,921,921,820,804,807,815,727,824,822
833,811,809,809,803,826,819,727,730,809,829
816,811,820,820,864,824,813,802,803,831,808
828,833,832,832,785,804,820,811,824,809,814
701,813,808,808,822,839,827,829,806,825,820
832,821,751,751,818,821,812,818,832,819,824
812,819,802,802,819,811,723,822,816,817,815
1107,820,807,807,820,813,816,821,811,831,828
725,829,822,822,831,1135,821,810,822,808,813
778,810,813,813,809,706,823,831,818,819,820
766,810,815,815,824,845,817,808,815,819,919
825,823,822,822,815,804,827,929,825,820,822
738,826,775,775,852,818,837,812,826,830,1229
791,813,856,856,788,1121,798,819,814,810,827
1085,1157,807,807,837,820,810,820,821,825,926
811,792,839,839,796,826,825,825,828,808,807
870,819,822,822,831,814,814,815,811,820,818
819,821,819,819,809,863,826,827,822,936,820
735,819,827,827,827,769,813,813,815,804,819
804,707,722,722,713,830,819,819,805,819,819
826,736,808,808,840,810,822,821,839,832,851
815,808,817,817,797,819,820,819,813,835,791
803,824,817,817,816,820,818,805,817,785,811
831,819,820,820,817,833,833,837,719,746,832
1128,819,892,892,825,814,807,818,820,1104,809
710,810,742,742,997,814,1023,813,831,824,812
829,835,734,734,856,818,817,827,1057,814,1108
829,711,772,772,1149,820,823,811,771,820,849
806,812,768,768,1303,862,821,825,828,831,824
718,821,782,782,737,778,834,1057,812,814,819
804,713,847,847,892,819,787,779,829,815,826
832,836,773,773,820,820,844,819,815,818,801
822,832,725,725,1747,819,823,821,817,827,836
821,796,754,754,814,820,803,831,833,818,807
816,812,812,812,819,816,814,808,800,808,817
817,1122,1021,1021,828,818,822,831,829,830,820
817,830,832,832,813,833,825,808,733,813,820
722,819,804,804,763,806,815,824,802,816,819
1018,817,822,822,885,819,819,1213,812,820,831
827,828,822,822,813,820,833,832,822,741,710
812,817,704,704,817,827,807,822,820,807,820
822,839,776,776,818,812,820,1122,823,798,810
817,799,881,881,723,833,828,760,778,836,759
827,819,831,831,823,807,804,872,866,907,881
1531,826,795,795,815,820,821,827,812,836,833
825,714,827,827,812,823,767,818,822,813,808
810,810,819,819,819,811,873,823,1117,830,818
819,820,811,811,820,818,822,824,821,809,825
748,824,831,831,821,832,831,927,825,816,815
744,815,814,814,813,834,805,805,830,818,834
774,827,814,814,836,786,826,809,804,823,805
810,816,821,821,808,832,815,831,821,820,926
809,816,821,821,825,818,819,820,817,831,815
824,820,817,817,817,919,824,819,819,804,820
745,817,720,720,830,830,815,831,821,809,818
807,817,814,814,802,822,817,803,824,831,924
811,745,820,820,833,807,808,820,816,820,818
807,739,834,834,805,870,828,819,812,818,825
829,775,804,804,820,871,819,820,818,821,813
844,807,819,819,821,817,819,819,924,1124,813
788,823,822,822,921,824,821,834,820,827,830
827,820,819,819,820,814,827,807,827,3476,817
817,829,825,825,830,822,1122,822,812,815,817